USE digital_booking;
INSERT INTO users (email, name, last_name, user_name, password, id_role, enabled) VALUES ("anto@digitalbooking.com", "Anto", "Legarreta", "anto@digitalbooking.com", "$2a$10$h/Uf2qVNuJEcQE7cAUcnLuTNmYHCQJadMCtqTuqh2b9Wrb6M2.N9q", "ROLE_USER", 1);
INSERT INTO users (email, name, last_name, user_name, password, id_role, enabled) VALUES ("gonza@digitalbooking.com", "Gonza", "Vila", "gonza@digitalbooking.com", "$2a$10$h/Uf2qVNuJEcQE7cAUcnLuTNmYHCQJadMCtqTuqh2b9Wrb6M2.N9q", "ROLE_USER", 1);
INSERT INTO users (email, name, last_name, user_name, password, id_role, enabled) VALUES ("juli@digitalbooking.com", "Juli", "Palma", "juli@digitalbooking.com", "$2a$10$h/Uf2qVNuJEcQE7cAUcnLuTNmYHCQJadMCtqTuqh2b9Wrb6M2.N9q", "ROLE_USER", 1);
INSERT INTO users (email, name, last_name, user_name, password, id_role, enabled) VALUES ("martin@digitalbooking.com", "Martin", "Gutierrez", "martin@digitalbooking.com", "$2a$10$h/Uf2qVNuJEcQE7cAUcnLuTNmYHCQJadMCtqTuqh2b9Wrb6M2.N9q", "ROLE_USER", 1);
INSERT INTO users (email, name, last_name, user_name, password, id_role, enabled) VALUES ("mechi@digitalbooking.com", "Mechi", "van Keulen", "mechi@digitalbooking.com", "$2a$10$h/Uf2qVNuJEcQE7cAUcnLuTNmYHCQJadMCtqTuqh2b9Wrb6M2.N9q", "ROLE_USER", 1);
INSERT INTO users (email, name, last_name, user_name, password, id_role, enabled) VALUES ("wally@digitalbooking.com", "Wally", "Genario", "wally@digitalbooking.com", "$2a$10$h/Uf2qVNuJEcQE7cAUcnLuTNmYHCQJadMCtqTuqh2b9Wrb6M2.N9q", "ROLE_USER", 1);

INSERT INTO categories (description, name, url_image) VALUES ("Hoteles económicos, habitaciones de lujo y todo lo que te imagines", "Hoteles", "https://storage.googleapis.com/static-content-hc/sites/default/files/cataloina_porto_doble_balcon2_2.jpg");
INSERT INTO categories (description, name, url_image) VALUES ("Un lugar para relajarse y hacer amigos. Los hostels son ideales para viajeros inquietos.", "Hostels", "https://www.reportur.com/wp-content/uploads/2019/11/hostel2.jpg");
INSERT INTO categories (description, name, url_image) VALUES ("¡Sentite como en casa! Elegí el departamento que más te guste.", "Departamentos", "https://www.hogares.cl/wp-content/uploads/2018/06/SLA_3734.jpg");
INSERT INTO categories (description, name, url_image) VALUES ("Un bed and breakfast siempre es buena idea. Mirá los mejores acá.", "Bed & Breakfast", "https://cf.bstatic.com/xdata/images/hotel/max1024x768/153583464.jpg?k=41f3d2e8515807bd0df89812eda4f8600b47264f9fe43f4475e862de110eb618&o=&hp=1");

INSERT INTO cities (country, name) VALUES ("Colombia", "Bogotá");
INSERT INTO cities (country, name) VALUES ("Colombia", "Medellín");
INSERT INTO cities (country, name) VALUES ("Colombia", "Cali");
INSERT INTO cities (country, name) VALUES ("Colombia", "Barranquilla");
INSERT INTO cities (country, name) VALUES ("Argentina", "Buenos Aires");
INSERT INTO cities (country, name) VALUES ("Argentina", "Córdoba");
INSERT INTO cities (country, name) VALUES ("Argentina", "Rosario");
INSERT INTO cities (country, name) VALUES ("Argentina", "Mar Del Plata");

INSERT INTO features (icon, name) VALUES ("fas paw", "Apto Mascotas");
INSERT INTO features (icon, name) VALUES ("fas wifi", "WiFi");
INSERT INTO features (icon, name) VALUES ("fas car", "Estacionamiento gratuito");
INSERT INTO features (icon, name) VALUES ("fas sink", "Cocina");
INSERT INTO features (icon, name) VALUES ("fas swimmer", "Pileta");
INSERT INTO features (icon, name) VALUES ("far snowflake", "Aire Acondicionado");
INSERT INTO features (icon, name) VALUES ("fas tv", "Televisor");

INSERT INTO addresses (id, address, latitude, longitude) VALUES (1,"Cra. 10 ##26-21","4.613971419323065","-74.0707014");
INSERT INTO products (id, name, description, house_rules, health_and_security, cancel_policy, city_id, category_id, id_address) VALUES (1,"Hotel Tequendama","El GHL Hotel Tequendama Bogotá está ubicado en Bogotá, a 1,7 km del Chorro de Quevedo, y ofrece alojamiento, restaurante, estacionamiento privado, centro de fitness y bar.\nTodas las habitaciones disponen de baño privado y TV de pantalla plana con canales por cable. Hay recepción 24 horas, room service y servicio de cambio de divisa.\nTodas las habitaciones del hotel están equipadas con armario. Las habitaciones tienen heladera.\nEl GHL Hotel Tequendama Bogotá sirve un desayuno buffet a diario. El restaurante Piazza Roma propone platos italianos, mientras que el restaurante El Virrey está especializado en platos locales e internacionales.\nEl Café Vienés ofrece pasteles deliciosos y bebidas calientes.","Check-out: 10:00\nNo se permiten fiestas\nNo fumar","Se aplican las pautas de distanciamiento social y otras normas relacionadas con el coronavirus\nDetector de humo\nDepósito de seguridad","25% de reintegro cancelando antes de las 72hs\n10% de reintegro cancelando hasta 24hs antes",1,1,1);
INSERT INTO images (title, image, product_id) VALUES ("Tequendama_01","https://bucket-dishital-2.s3.amazonaws.com/products/hotels/hotel-tequendama/1.jpeg",1);
INSERT INTO images (title, image, product_id) VALUES ("Tequendama_02","https://bucket-dishital-2.s3.amazonaws.com/products/hotels/hotel-tequendama/2.jpeg",1);
INSERT INTO images (title, image, product_id) VALUES ("Tequendama_03","https://bucket-dishital-2.s3.amazonaws.com/products/hotels/hotel-tequendama/3.jpeg",1);
INSERT INTO images (title, image, product_id) VALUES ("Tequendama_04","https://bucket-dishital-2.s3.amazonaws.com/products/hotels/hotel-tequendama/4.jpeg",1);
INSERT INTO images (title, image, product_id) VALUES ("Tequendama_05","https://bucket-dishital-2.s3.amazonaws.com/products/hotels/hotel-tequendama/5.jpeg",1);
INSERT INTO product_features (product_id, feature_id) VALUES (1,1);
INSERT INTO product_features (product_id, feature_id) VALUES (1,2);
INSERT INTO product_features (product_id, feature_id) VALUES (1,3);
INSERT INTO product_features (product_id, feature_id) VALUES (1,5);
INSERT INTO product_features (product_id, feature_id) VALUES (1,6);
INSERT INTO bookings (check_in_date, check_out_date, check_in_time, product_id, user_id) VALUES ("2021-12-13","2021-12-19","10:00:00",1,2);
INSERT INTO bookings (check_in_date, check_out_date, check_in_time, product_id, user_id) VALUES ("2021-12-24","2021-12-26","11:00:00",1,3);
INSERT INTO bookings (check_in_date, check_out_date, check_in_time, product_id, user_id) VALUES ("2021-12-27","2022-01-09","12:00:00",1,4);
INSERT INTO bookings (check_in_date, check_out_date, check_in_time, product_id, user_id) VALUES ("2022-01-20","2022-01-25","13:00:00",1,5);
INSERT INTO bookings (check_in_date, check_out_date, check_in_time, product_id, user_id) VALUES ("2022-02-12","2022-02-17","14:00:00",1,6);
INSERT INTO ratings (rating, product_id, user_id) VALUES (9,1,2);
INSERT INTO ratings (rating, product_id, user_id) VALUES (9,1,3);
INSERT INTO ratings (rating, product_id, user_id) VALUES (7,1,4);
INSERT INTO ratings (rating, product_id, user_id) VALUES (7,1,5);
INSERT INTO ratings (rating, product_id, user_id) VALUES (9,1,6);

INSERT INTO addresses (id, address, latitude, longitude) VALUES (2,"Calle 11 # 2 - 75","4.596769767302218","-74.07139173863426");
INSERT INTO products (id, name, description, house_rules, health_and_security, cancel_policy, city_id, category_id, id_address) VALUES (2,"Granada Hostel","El Granada Hostel se encuentra en Bogotá, a 200 metros de la biblioteca Luis Ángel Arango y a menos de 1 km del Chorro de Quevedo, y ofrece bar, salón compartido, jardín y wifi gratis. El alojamiento se encuentra a 6 km del centro internacional de exposiciones Corferias, a 7 km del estadio El Campín y a 11 km de la Zona T. Hay recepción 24 horas, cocina compartida y servicio de organización de excursiones.\nCerca del alojamiento hay varios lugares de interés, como la plaza Bolívar, la iglesia de Nuestra Señora de la Candelaria y la Casa de la Independencia. El aeropuerto más cercano es el aeropuerto internacional El Dorado, ubicado a 14 km del Granada Hostel.","Check-out: 15:00\nNo se permiten fiestas","Se aplican las pautas de distanciamiento social y otras normas relacionadas con el coronavirus\nDepósito de seguridad","25% de reintegro cancelando antes de las 72hs",1,2,2);
INSERT INTO images (title, image, product_id) VALUES ("Granada_01","https://bucket-dishital-2.s3.amazonaws.com/products/hostels/granada-hostel/1.jpeg",2);
INSERT INTO images (title, image, product_id) VALUES ("Granada_02","https://bucket-dishital-2.s3.amazonaws.com/products/hostels/granada-hostel/2.jpeg",2);
INSERT INTO images (title, image, product_id) VALUES ("Granada_03","https://bucket-dishital-2.s3.amazonaws.com/products/hostels/granada-hostel/3.jpeg",2);
INSERT INTO images (title, image, product_id) VALUES ("Granada_04","https://bucket-dishital-2.s3.amazonaws.com/products/hostels/granada-hostel/4.jpeg",2);
INSERT INTO images (title, image, product_id) VALUES ("Granada_05","https://bucket-dishital-2.s3.amazonaws.com/products/hostels/granada-hostel/5.jpeg",2);
INSERT INTO product_features (product_id, feature_id) VALUES (2,1);
INSERT INTO product_features (product_id, feature_id) VALUES (2,2);
INSERT INTO product_features (product_id, feature_id) VALUES (2,3);
INSERT INTO product_features (product_id, feature_id) VALUES (2,5);
INSERT INTO product_features (product_id, feature_id) VALUES (2,6);
INSERT INTO bookings (check_in_date, check_out_date, check_in_time, product_id, user_id) VALUES ("2021-12-13","2021-12-19","10:00:00",2,7);
INSERT INTO bookings (check_in_date, check_out_date, check_in_time, product_id, user_id) VALUES ("2021-12-24","2021-12-26","11:00:00",2,2);
INSERT INTO bookings (check_in_date, check_out_date, check_in_time, product_id, user_id) VALUES ("2021-12-27","2022-01-09","12:00:00",2,3);
INSERT INTO bookings (check_in_date, check_out_date, check_in_time, product_id, user_id) VALUES ("2022-01-20","2022-01-25","13:00:00",2,4);
INSERT INTO bookings (check_in_date, check_out_date, check_in_time, product_id, user_id) VALUES ("2022-02-25","2022-03-11","14:00:00",2,5);
INSERT INTO ratings (rating, product_id, user_id) VALUES (9,2,7);
INSERT INTO ratings (rating, product_id, user_id) VALUES (10,2,2);
INSERT INTO ratings (rating, product_id, user_id) VALUES (8,2,3);
INSERT INTO ratings (rating, product_id, user_id) VALUES (8,2,4);
INSERT INTO ratings (rating, product_id, user_id) VALUES (8,2,5);

INSERT INTO addresses (id, address, latitude, longitude) VALUES (3,"Cl. 87 #19 - 21","4.6735988940745745","-74.0567077609944");
INSERT INTO products (id, name, description, house_rules, health_and_security, cancel_policy, city_id, category_id, id_address) VALUES (3,"Cassa Luxury Homes","El Cassa Luxury Homes, con vistas a la ciudad, se encuentra en Bogotá y cuenta con restaurante, recepción las 24 horas, bar, jardín, pileta al aire libre y parrilla. Hay wifi gratis.\nTodos los alojamientos tienen cocina completamente equipada con microondas, zona de estar con sofá, TV de pantalla plana, lavarropas y baño privado con ducha y secador de pelo. También hay heladera, horno y cafetera.\nEl Cassa Luxury Homes ofrece alojamiento de 5 estrellas con bañera de hidromasaje y solárium. El alojamiento gimnasio, centro de negocios, instalaciones para reuniones/banquetes.","Check-out: 10:00\nAlojamiento familiar","Se aplican las pautas de distanciamiento social y otras normas relacionadas con el coronavirus\nDepósito de seguridad\nAlojamiento con vigilancia","100% de reintegro cancelando antes de las 72hs\n50% de reintegro cancelando hasta 24hs antes",1,3,3);
INSERT INTO images (title, image, product_id) VALUES ("CassaLuxury_01","https://bucket-dishital-2.s3.amazonaws.com/products/apartments/cassa-luxury-homes/1.jpeg",3);
INSERT INTO images (title, image, product_id) VALUES ("CassaLuxury_02","https://bucket-dishital-2.s3.amazonaws.com/products/apartments/cassa-luxury-homes/2.jpeg",3);
INSERT INTO images (title, image, product_id) VALUES ("CassaLuxury_03","https://bucket-dishital-2.s3.amazonaws.com/products/apartments/cassa-luxury-homes/3.jpeg",3);
INSERT INTO images (title, image, product_id) VALUES ("CassaLuxury_04","https://bucket-dishital-2.s3.amazonaws.com/products/apartments/cassa-luxury-homes/4.jpeg",3);
INSERT INTO images (title, image, product_id) VALUES ("CassaLuxury_05","https://bucket-dishital-2.s3.amazonaws.com/products/apartments/cassa-luxury-homes/5.jpeg",3);
INSERT INTO product_features (product_id, feature_id) VALUES (3,1);
INSERT INTO product_features (product_id, feature_id) VALUES (3,2);
INSERT INTO product_features (product_id, feature_id) VALUES (3,3);
INSERT INTO product_features (product_id, feature_id) VALUES (3,5);
INSERT INTO product_features (product_id, feature_id) VALUES (3,6);
INSERT INTO bookings (check_in_date, check_out_date, check_in_time, product_id, user_id) VALUES ("2021-12-13","2021-12-19","10:00:00",3,6);
INSERT INTO bookings (check_in_date, check_out_date, check_in_time, product_id, user_id) VALUES ("2021-12-24","2021-12-26","11:00:00",3,7);
INSERT INTO bookings (check_in_date, check_out_date, check_in_time, product_id, user_id) VALUES ("2021-12-27","2022-01-09","12:00:00",3,2);
INSERT INTO bookings (check_in_date, check_out_date, check_in_time, product_id, user_id) VALUES ("2022-01-20","2022-01-25","13:00:00",3,3);
INSERT INTO bookings (check_in_date, check_out_date, check_in_time, product_id, user_id) VALUES ("2022-02-18","2022-03-01","14:00:00",3,4);
INSERT INTO ratings (rating, product_id, user_id) VALUES (9,3,6);
INSERT INTO ratings (rating, product_id, user_id) VALUES (10,3,7);
INSERT INTO ratings (rating, product_id, user_id) VALUES (9,3,2);
INSERT INTO ratings (rating, product_id, user_id) VALUES (8,3,3);
INSERT INTO ratings (rating, product_id, user_id) VALUES (9,3,4);

INSERT INTO addresses (id, address, latitude, longitude) VALUES (4,"Cl. 11 ##3-25 int 107","4.596354360675719","-74.0720659303116");
INSERT INTO products (id, name, description, house_rules, health_and_security, cancel_policy, city_id, category_id, id_address) VALUES (4,"Magdalena Guest House","El Magdalena Guest House, situado a 100 metros de la biblioteca Luis Ángel Arango, ofrece alojamiento con salón compartido, jardín y recepción 24 horas. Hay WiFi gratuita en todas las instalaciones.\nEste bed and breakfast alberga una terraza.\nEl Magdalena Guest House está cerca de lugares de interés populares, como la plaza Bolívar, el Chorro de Quevedo y la iglesia de Nuestra Señora de Candelaria. El aeropuerto más cercano es el aeropuerto internacional de El Dorado, ubicado a 14 km.","Check-out: 16:00\nNo fumar","Se aplican las pautas de distanciamiento social y otras normas relacionadas con el coronavirus\nNo incluye ropa blanca","Devolución de la comisión hasta 72hs antes",1,4,4);
INSERT INTO images (title, image, product_id) VALUES ("Magdalena_01","https://bucket-dishital-2.s3.amazonaws.com/products/bnb/magdalena-guest-house/1.jpeg",4);
INSERT INTO images (title, image, product_id) VALUES ("Magdalena_02","https://bucket-dishital-2.s3.amazonaws.com/products/bnb/magdalena-guest-house/2.jpeg",4);
INSERT INTO images (title, image, product_id) VALUES ("Magdalena_03","https://bucket-dishital-2.s3.amazonaws.com/products/bnb/magdalena-guest-house/3.jpeg",4);
INSERT INTO images (title, image, product_id) VALUES ("Magdalena_04","https://bucket-dishital-2.s3.amazonaws.com/products/bnb/magdalena-guest-house/4.jpeg",4);
INSERT INTO images (title, image, product_id) VALUES ("Magdalena_05","https://bucket-dishital-2.s3.amazonaws.com/products/bnb/magdalena-guest-house/5.jpeg",4);
INSERT INTO product_features (product_id, feature_id) VALUES (4,1);
INSERT INTO product_features (product_id, feature_id) VALUES (4,2);
INSERT INTO product_features (product_id, feature_id) VALUES (4,3);
INSERT INTO product_features (product_id, feature_id) VALUES (4,5);
INSERT INTO product_features (product_id, feature_id) VALUES (4,6);
INSERT INTO bookings (check_in_date, check_out_date, check_in_time, product_id, user_id) VALUES ("2021-12-13","2021-12-19","10:00:00",4,5);
INSERT INTO bookings (check_in_date, check_out_date, check_in_time, product_id, user_id) VALUES ("2021-12-24","2021-12-26","11:00:00",4,6);
INSERT INTO bookings (check_in_date, check_out_date, check_in_time, product_id, user_id) VALUES ("2021-12-27","2022-01-09","12:00:00",4,7);
INSERT INTO bookings (check_in_date, check_out_date, check_in_time, product_id, user_id) VALUES ("2022-01-20","2022-01-25","13:00:00",4,2);
INSERT INTO bookings (check_in_date, check_out_date, check_in_time, product_id, user_id) VALUES ("2022-03-11","2022-03-22","14:00:00",4,3);
INSERT INTO ratings (rating, product_id, user_id) VALUES (8,4,5);
INSERT INTO ratings (rating, product_id, user_id) VALUES (10,4,6);
INSERT INTO ratings (rating, product_id, user_id) VALUES (10,4,7);
INSERT INTO ratings (rating, product_id, user_id) VALUES (10,4,2);
INSERT INTO ratings (rating, product_id, user_id) VALUES (9,4,3);

INSERT INTO addresses (id, address, latitude, longitude) VALUES (5,"Cra. 50a #81A-15","6.2753960738011125","-75.55934931681483");
INSERT INTO products (id, name, description, house_rules, health_and_security, cancel_policy, city_id, category_id, id_address) VALUES (5,"Hotel Central Plaza","El Central Plaza está situado a 2 calles de la estación de subte de Ayurá, que ofrece fácil acceso a otras partes de Itagüí. Ofrece habitaciones modernas, restaurante, bañera de hidromasaje panorámica y conexión wifi gratis.\nLos alojamientos del Central Plaza están decorados con obras de arte coloridas y disponen de radio y TV LCD de 32 pulgadas con canales por cable. Las habitaciones tienen aire acondicionado o ventilador de techo. Hay room service.\nEl restaurante presenta una decoración sencilla y elegante y sirve especialidades colombianas e internacionales. En el bar, hay una selección de licores selectos y cócteles exóticos.","Check-out: 10:00\nNo se permiten fiestas\nNo fumar","Se aplican las pautas de distanciamiento social y otras normas relacionadas con el coronavirus\nDetector de humo\nDepósito de seguridad","25% de reintegro cancelando antes de las 72hs\n10% de reintegro cancelando hasta 24hs antes",2,1,5);
INSERT INTO images (title, image, product_id) VALUES ("CentralPlaza_01","https://bucket-dishital-2.s3.amazonaws.com/products/hotels/hotel-central-plaza/1.jpeg",5);
INSERT INTO images (title, image, product_id) VALUES ("CentralPlaza_02","https://bucket-dishital-2.s3.amazonaws.com/products/hotels/hotel-central-plaza/2.jpeg",5);
INSERT INTO images (title, image, product_id) VALUES ("CentralPlaza_03","https://bucket-dishital-2.s3.amazonaws.com/products/hotels/hotel-central-plaza/3.jpeg",5);
INSERT INTO images (title, image, product_id) VALUES ("CentralPlaza_04","https://bucket-dishital-2.s3.amazonaws.com/products/hotels/hotel-central-plaza/4.jpeg",5);
INSERT INTO images (title, image, product_id) VALUES ("CentralPlaza_05","https://bucket-dishital-2.s3.amazonaws.com/products/hotels/hotel-central-plaza/5.jpeg",5);
INSERT INTO product_features (product_id, feature_id) VALUES (5,1);
INSERT INTO product_features (product_id, feature_id) VALUES (5,2);
INSERT INTO product_features (product_id, feature_id) VALUES (5,3);
INSERT INTO product_features (product_id, feature_id) VALUES (5,5);
INSERT INTO product_features (product_id, feature_id) VALUES (5,6);
INSERT INTO bookings (check_in_date, check_out_date, check_in_time, product_id, user_id) VALUES ("2021-12-13","2021-12-19","10:00:00",5,4);
INSERT INTO bookings (check_in_date, check_out_date, check_in_time, product_id, user_id) VALUES ("2021-12-24","2021-12-26","11:00:00",5,5);
INSERT INTO bookings (check_in_date, check_out_date, check_in_time, product_id, user_id) VALUES ("2021-12-27","2022-01-09","12:00:00",5,6);
INSERT INTO bookings (check_in_date, check_out_date, check_in_time, product_id, user_id) VALUES ("2022-01-20","2022-01-25","13:00:00",5,7);
INSERT INTO bookings (check_in_date, check_out_date, check_in_time, product_id, user_id) VALUES ("2022-02-18","2022-03-01","14:00:00",5,2);
INSERT INTO ratings (rating, product_id, user_id) VALUES (8,5,4);
INSERT INTO ratings (rating, product_id, user_id) VALUES (10,5,5);
INSERT INTO ratings (rating, product_id, user_id) VALUES (9,5,6);
INSERT INTO ratings (rating, product_id, user_id) VALUES (8,5,7);
INSERT INTO ratings (rating, product_id, user_id) VALUES (7,5,2);

INSERT INTO addresses (id, address, latitude, longitude) VALUES (6,"Cl. 8 ## 43A-89","6.217044886915266","-75.57243542730689");
INSERT INTO products (id, name, description, house_rules, health_and_security, cancel_policy, city_id, category_id, id_address) VALUES (6,"Masaya Hostel","El Masaya Medellin se encuentra en Medellín, a 100 metros del parque El Poblado y a 600 metros del parque Lleras, y ofrece bar y terraza. Cuenta con cocina compartida, salón compartido y wifi gratis en todas las instalaciones. El hostel cuenta con pileta al aire libre, animación nocturna y recepción 24 horas.\nLos huéspedes pueden jugar al mesa de pool, al ping pong o al karaoke o usar el centro de negocios.\nCerca del alojamiento hay varios lugares de interés, como el parque Linear Park President, el parque de la Bailarina y el Museo de Arte Moderno de Medellín. El aeropuerto Olaya Herrera es el más cercano y está a 2 km del Masaya Medellin. Se proporciona servicio de link con el aeropuerto por un adicional.","Check-out: 15:00\nNo se permiten fiestas","Se aplican las pautas de distanciamiento social y otras normas relacionadas con el coronavirus\nDepósito de seguridad","25% de reintegro cancelando antes de las 72hs",2,2,6);
INSERT INTO images (title, image, product_id) VALUES ("Masaya_01","https://bucket-dishital-2.s3.amazonaws.com/products/hostels/masaya-hostel/1.jpeg",6);
INSERT INTO images (title, image, product_id) VALUES ("Masaya_02","https://bucket-dishital-2.s3.amazonaws.com/products/hostels/masaya-hostel/2.jpeg",6);
INSERT INTO images (title, image, product_id) VALUES ("Masaya_03","https://bucket-dishital-2.s3.amazonaws.com/products/hostels/masaya-hostel/3.jpeg",6);
INSERT INTO images (title, image, product_id) VALUES ("Masaya_04","https://bucket-dishital-2.s3.amazonaws.com/products/hostels/masaya-hostel/4.jpeg",6);
INSERT INTO images (title, image, product_id) VALUES ("Masaya_05","https://bucket-dishital-2.s3.amazonaws.com/products/hostels/masaya-hostel/5.jpeg",6);
INSERT INTO product_features (product_id, feature_id) VALUES (6,1);
INSERT INTO product_features (product_id, feature_id) VALUES (6,2);
INSERT INTO product_features (product_id, feature_id) VALUES (6,3);
INSERT INTO product_features (product_id, feature_id) VALUES (6,5);
INSERT INTO product_features (product_id, feature_id) VALUES (6,6);
INSERT INTO bookings (check_in_date, check_out_date, check_in_time, product_id, user_id) VALUES ("2021-12-13","2021-12-19","10:00:00",6,3);
INSERT INTO bookings (check_in_date, check_out_date, check_in_time, product_id, user_id) VALUES ("2021-12-24","2021-12-26","11:00:00",6,4);
INSERT INTO bookings (check_in_date, check_out_date, check_in_time, product_id, user_id) VALUES ("2021-12-27","2022-01-09","12:00:00",6,5);
INSERT INTO bookings (check_in_date, check_out_date, check_in_time, product_id, user_id) VALUES ("2022-01-20","2022-01-25","13:00:00",6,6);
INSERT INTO bookings (check_in_date, check_out_date, check_in_time, product_id, user_id) VALUES ("2022-02-12","2022-02-17","14:00:00",6,7);
INSERT INTO ratings (rating, product_id, user_id) VALUES (7,6,3);
INSERT INTO ratings (rating, product_id, user_id) VALUES (7,6,4);
INSERT INTO ratings (rating, product_id, user_id) VALUES (7,6,5);
INSERT INTO ratings (rating, product_id, user_id) VALUES (8,6,6);
INSERT INTO ratings (rating, product_id, user_id) VALUES (10,6,7);

INSERT INTO addresses (id, address, latitude, longitude) VALUES (7,"Sector, Cra. 35 ##2Sur-120","6.200400178434474","-75.56671142698119");
INSERT INTO products (id, name, description, house_rules, health_and_security, cancel_policy, city_id, category_id, id_address) VALUES (7,"Soul Apartahotel","El Soul Aparthotel está ubicado en Medellín y ofrece alojamiento con pileta al aire libre, wifi gratis, centro de fitness y salón común.\nLos alojamientos disponen de aire acondicionado, lavarropas, caja fuerte, salón con TV de pantalla plana y cocina con microondas y heladera. El baño privado incluye secador de pelo y artículos de aseo gratuitos. Se pueden proporcionar toallas y ropa de cama por un adicional.\nEl alojamiento se encuentra a 1,9 km del parque Lleras y a 2,2 km del parque de El Poblado. El aeropuerto Olaya Herrera, situado a 3 km del Soul Aparthotel, es el más cercano. Se proporciona un servicio de link con el aeropuerto por un adicional.","Check-out: 10:00\nAlojamiento familiar","Se aplican las pautas de distanciamiento social y otras normas relacionadas con el coronavirus\nDepósito de seguridad\nAlojamiento con vigilancia","100% de reintegro cancelando antes de las 72hs\n50% de reintegro cancelando hasta 24hs antes",2,3,7);
INSERT INTO images (title, image, product_id) VALUES ("Soul_01","https://bucket-dishital-2.s3.amazonaws.com/products/apartments/soul-apartahotel/1.jpeg",7);
INSERT INTO images (title, image, product_id) VALUES ("Soul_02","https://bucket-dishital-2.s3.amazonaws.com/products/apartments/soul-apartahotel/2.jpeg",7);
INSERT INTO images (title, image, product_id) VALUES ("Soul_03","https://bucket-dishital-2.s3.amazonaws.com/products/apartments/soul-apartahotel/3.jpeg",7);
INSERT INTO images (title, image, product_id) VALUES ("Soul_04","https://bucket-dishital-2.s3.amazonaws.com/products/apartments/soul-apartahotel/4.jpeg",7);
INSERT INTO images (title, image, product_id) VALUES ("Soul_05","https://bucket-dishital-2.s3.amazonaws.com/products/apartments/soul-apartahotel/5.jpeg",7);
INSERT INTO product_features (product_id, feature_id) VALUES (7,1);
INSERT INTO product_features (product_id, feature_id) VALUES (7,2);
INSERT INTO product_features (product_id, feature_id) VALUES (7,3);
INSERT INTO product_features (product_id, feature_id) VALUES (7,5);
INSERT INTO product_features (product_id, feature_id) VALUES (7,6);
INSERT INTO bookings (check_in_date, check_out_date, check_in_time, product_id, user_id) VALUES ("2021-12-13","2021-12-19","10:00:00",7,2);
INSERT INTO bookings (check_in_date, check_out_date, check_in_time, product_id, user_id) VALUES ("2021-12-24","2021-12-26","11:00:00",7,3);
INSERT INTO bookings (check_in_date, check_out_date, check_in_time, product_id, user_id) VALUES ("2021-12-27","2022-01-09","12:00:00",7,4);
INSERT INTO bookings (check_in_date, check_out_date, check_in_time, product_id, user_id) VALUES ("2022-01-20","2022-01-25","13:00:00",7,5);
INSERT INTO bookings (check_in_date, check_out_date, check_in_time, product_id, user_id) VALUES ("2022-02-18","2022-03-01","14:00:00",7,6);
INSERT INTO ratings (rating, product_id, user_id) VALUES (8,7,2);
INSERT INTO ratings (rating, product_id, user_id) VALUES (9,7,3);
INSERT INTO ratings (rating, product_id, user_id) VALUES (9,7,4);
INSERT INTO ratings (rating, product_id, user_id) VALUES (9,7,5);
INSERT INTO ratings (rating, product_id, user_id) VALUES (9,7,6);

INSERT INTO addresses (id, address, latitude, longitude) VALUES (8,"Cl. 8 ## 43A 59","6.2093784816164765","-75.57155847263823");
INSERT INTO products (id, name, description, house_rules, health_and_security, cancel_policy, city_id, category_id, id_address) VALUES (8,"Poblado Park","El Poblado Park ofrece alojamiento con vistas a la ciudad, salón compartido y wifi gratis en Medellín, a poca distancia de El bed and breakfast, del parque Lleras y del parque Lineal President.\nPueblito Paisa se encuentra a 3,2 km del alojamiento, mientras que la avenida 70 está a 6 km. El aeropuerto Olaya Herrera es el más cercano y está a 2 km del Poblado Park. Se proporciona servicio de link con el aeropuerto por un adicional.","Check-out: 16:00\nNo fumar","Se aplican las pautas de distanciamiento social y otras normas relacionadas con el coronavirus\nNo incluye ropa blanca","Devolución de la comisión hasta 72hs antes",2,4,8);
INSERT INTO images (title, image, product_id) VALUES ("PobladoPark_01","https://bucket-dishital-2.s3.amazonaws.com/products/bnb/poblado-park/1.jpeg",8);
INSERT INTO images (title, image, product_id) VALUES ("PobladoPark_02","https://bucket-dishital-2.s3.amazonaws.com/products/bnb/poblado-park/2.jpeg",8);
INSERT INTO images (title, image, product_id) VALUES ("PobladoPark_03","https://bucket-dishital-2.s3.amazonaws.com/products/bnb/poblado-park/3.jpeg",8);
INSERT INTO images (title, image, product_id) VALUES ("PobladoPark_04","https://bucket-dishital-2.s3.amazonaws.com/products/bnb/poblado-park/4.jpeg",8);
INSERT INTO images (title, image, product_id) VALUES ("PobladoPark_05","https://bucket-dishital-2.s3.amazonaws.com/products/bnb/poblado-park/5.jpeg",8);
INSERT INTO product_features (product_id, feature_id) VALUES (8,1);
INSERT INTO product_features (product_id, feature_id) VALUES (8,2);
INSERT INTO product_features (product_id, feature_id) VALUES (8,3);
INSERT INTO product_features (product_id, feature_id) VALUES (8,5);
INSERT INTO product_features (product_id, feature_id) VALUES (8,6);
INSERT INTO bookings (check_in_date, check_out_date, check_in_time, product_id, user_id) VALUES ("2021-12-13","2021-12-19","10:00:00",8,7);
INSERT INTO bookings (check_in_date, check_out_date, check_in_time, product_id, user_id) VALUES ("2021-12-24","2021-12-26","11:00:00",8,2);
INSERT INTO bookings (check_in_date, check_out_date, check_in_time, product_id, user_id) VALUES ("2021-12-27","2022-01-09","12:00:00",8,3);
INSERT INTO bookings (check_in_date, check_out_date, check_in_time, product_id, user_id) VALUES ("2022-01-20","2022-01-25","13:00:00",8,4);
INSERT INTO bookings (check_in_date, check_out_date, check_in_time, product_id, user_id) VALUES ("2022-02-12","2022-02-17","14:00:00",8,5);
INSERT INTO ratings (rating, product_id, user_id) VALUES (9,8,7);
INSERT INTO ratings (rating, product_id, user_id) VALUES (8,8,2);
INSERT INTO ratings (rating, product_id, user_id) VALUES (7,8,3);
INSERT INTO ratings (rating, product_id, user_id) VALUES (9,8,4);
INSERT INTO ratings (rating, product_id, user_id) VALUES (8,8,5);

INSERT INTO addresses (id, address, latitude, longitude) VALUES (9,"Cl. 1 Oe. ##2 61","3.4500573792891718","-76.54100773031195");
INSERT INTO products (id, name, description, house_rules, health_and_security, cancel_policy, city_id, category_id, id_address) VALUES (9,"Hotel El Peñon","El Peñon Hotel está situado en el barrio El Peñón, a solo 100 metros de la zona financiera y del centro de la ciudad. La zona ofrece una amplia gama de restaurantes, bares, oficinas y centros de negocios. El desayuno y la WiFi están incluidos.\nLas habitaciones del Hotel El Peñón son amplias y cuentan con aire acondicionado, TV vía satélite y minibar. El baño privado incluye ducha.\nEl desayuno se sirve a diario. Los restaurantes Chef Burguer y Turk House preparan platos locales e internacionales. En las inmediaciones hay una gran variedad de sitios para comer.","Check-out: 10:00\nNo se permiten fiestas\nNo fumar","Se aplican las pautas de distanciamiento social y otras normas relacionadas con el coronavirus\nDetector de humo\nDepósito de seguridad","25% de reintegro cancelando antes de las 72hs\n10% de reintegro cancelando hasta 24hs antes",3,1,9);
INSERT INTO images (title, image, product_id) VALUES ("ElPenon_01","https://bucket-dishital-2.s3.amazonaws.com/products/hotels/hotel-el-penon/1.jpeg",9);
INSERT INTO images (title, image, product_id) VALUES ("ElPenon_02","https://bucket-dishital-2.s3.amazonaws.com/products/hotels/hotel-el-penon/2.jpeg",9);
INSERT INTO images (title, image, product_id) VALUES ("ElPenon_03","https://bucket-dishital-2.s3.amazonaws.com/products/hotels/hotel-el-penon/3.jpeg",9);
INSERT INTO images (title, image, product_id) VALUES ("ElPenon_04","https://bucket-dishital-2.s3.amazonaws.com/products/hotels/hotel-el-penon/4.jpeg",9);
INSERT INTO images (title, image, product_id) VALUES ("ElPenon_05","https://bucket-dishital-2.s3.amazonaws.com/products/hotels/hotel-el-penon/5.jpeg",9);
INSERT INTO product_features (product_id, feature_id) VALUES (9,1);
INSERT INTO product_features (product_id, feature_id) VALUES (9,2);
INSERT INTO product_features (product_id, feature_id) VALUES (9,3);
INSERT INTO product_features (product_id, feature_id) VALUES (9,5);
INSERT INTO product_features (product_id, feature_id) VALUES (9,6);
INSERT INTO bookings (check_in_date, check_out_date, check_in_time, product_id, user_id) VALUES ("2021-12-13","2021-12-19","10:00:00",9,6);
INSERT INTO bookings (check_in_date, check_out_date, check_in_time, product_id, user_id) VALUES ("2021-12-24","2021-12-26","11:00:00",9,7);
INSERT INTO bookings (check_in_date, check_out_date, check_in_time, product_id, user_id) VALUES ("2021-12-27","2022-01-09","12:00:00",9,2);
INSERT INTO bookings (check_in_date, check_out_date, check_in_time, product_id, user_id) VALUES ("2022-01-20","2022-01-25","13:00:00",9,3);
INSERT INTO bookings (check_in_date, check_out_date, check_in_time, product_id, user_id) VALUES ("2022-02-12","2022-02-17","14:00:00",9,4);
INSERT INTO ratings (rating, product_id, user_id) VALUES (8,9,6);
INSERT INTO ratings (rating, product_id, user_id) VALUES (10,9,7);
INSERT INTO ratings (rating, product_id, user_id) VALUES (8,9,2);
INSERT INTO ratings (rating, product_id, user_id) VALUES (7,9,3);
INSERT INTO ratings (rating, product_id, user_id) VALUES (10,9,4);

INSERT INTO addresses (id, address, latitude, longitude) VALUES (10,"Cra. 10 ## 4-32","3.6311604805244833","-76.55392407257371");
INSERT INTO products (id, name, description, house_rules, health_and_security, cancel_policy, city_id, category_id, id_address) VALUES (10,"Moonshine Boutique","El Moonshine Boutique Hostal se encuentra en Cali, a 1,5 km del teatro Jorge Isaacs, y ofrece jardín, habitaciones hipoalergénicas y wifi gratis. El alojamiento está a unos 2,4 km del parque Panamericano, a 2,4 km de la catedral de San Pedro y a 5 km de la plaza de toros de Cañaveralejo. Hay estacionamiento privado disponible por un adicional.\nTodas las habitaciones del hostel incluyen armario. Todos los alojamientos del Moonshine Boutique Hostal están equipados con baño privado y ropa de cama.\nEn las inmediaciones hay varios lugares de interés, como la iglesia de La Ermita, el parque artesanal Loma de la Cruz y el teatro de la ciudad de Cali. El aeropuerto más cercano es el aeropuerto internacional Alfonso Bonilla Aragón, ubicado a 19 km del Moonshine Boutique Hostal.","Check-out: 15:00\nNo se permiten fiestas","Se aplican las pautas de distanciamiento social y otras normas relacionadas con el coronavirus\nDepósito de seguridad","25% de reintegro cancelando antes de las 72hs",3,2,10);
INSERT INTO images (title, image, product_id) VALUES ("Moonshine_01","https://bucket-dishital-2.s3.amazonaws.com/products/hostels/moonshine-boutique/1.jpeg",10);
INSERT INTO images (title, image, product_id) VALUES ("Moonshine_02","https://bucket-dishital-2.s3.amazonaws.com/products/hostels/moonshine-boutique/2.jpeg",10);
INSERT INTO images (title, image, product_id) VALUES ("Moonshine_03","https://bucket-dishital-2.s3.amazonaws.com/products/hostels/moonshine-boutique/3.jpeg",10);
INSERT INTO images (title, image, product_id) VALUES ("Moonshine_04","https://bucket-dishital-2.s3.amazonaws.com/products/hostels/moonshine-boutique/4.jpeg",10);
INSERT INTO images (title, image, product_id) VALUES ("Moonshine_05","https://bucket-dishital-2.s3.amazonaws.com/products/hostels/moonshine-boutique/5.jpeg",10);
INSERT INTO product_features (product_id, feature_id) VALUES (10,1);
INSERT INTO product_features (product_id, feature_id) VALUES (10,2);
INSERT INTO product_features (product_id, feature_id) VALUES (10,3);
INSERT INTO product_features (product_id, feature_id) VALUES (10,5);
INSERT INTO product_features (product_id, feature_id) VALUES (10,6);
INSERT INTO bookings (check_in_date, check_out_date, check_in_time, product_id, user_id) VALUES ("2021-12-13","2021-12-19","10:00:00",10,5);
INSERT INTO bookings (check_in_date, check_out_date, check_in_time, product_id, user_id) VALUES ("2021-12-24","2021-12-26","11:00:00",10,6);
INSERT INTO bookings (check_in_date, check_out_date, check_in_time, product_id, user_id) VALUES ("2021-12-27","2022-01-09","12:00:00",10,7);
INSERT INTO bookings (check_in_date, check_out_date, check_in_time, product_id, user_id) VALUES ("2022-01-20","2022-01-25","13:00:00",10,2);
INSERT INTO bookings (check_in_date, check_out_date, check_in_time, product_id, user_id) VALUES ("2022-02-18","2022-03-01","14:00:00",10,3);
INSERT INTO ratings (rating, product_id, user_id) VALUES (7,10,5);
INSERT INTO ratings (rating, product_id, user_id) VALUES (8,10,6);
INSERT INTO ratings (rating, product_id, user_id) VALUES (8,10,7);
INSERT INTO ratings (rating, product_id, user_id) VALUES (9,10,2);
INSERT INTO ratings (rating, product_id, user_id) VALUES (8,10,3);

INSERT INTO addresses (id, address, latitude, longitude) VALUES (11,"Cra. 40A ###9C- 50","3.4533628849521407","-76.54099530729377");
INSERT INTO products (id, name, description, house_rules, health_and_security, cancel_policy, city_id, category_id, id_address) VALUES (11,"Alejandria Real","El Alejandria Real Ar se encuentra en Cali, en la región del Valle del Cauca, cerca del parque Panamericano, y ofrece alojamiento con wifi gratis y estacionamiento privado gratuito.\nIncluye cocina totalmente equipada y baño privado.\nEl aparthotel está a 2,5 km de la plaza de toros de Cañaveralejo y a 3,9 km de la catedral de San Pedro. El aeropuerto más cercano es el aeropuerto Alfonso Bonilla Aragón, ubicado a 21 km del Alejandria Real Ar. El alojamiento ofrece un servicio de link con el aeropuerto por un adicional.","Check-out: 10:00\nAlojamiento familiar","Se aplican las pautas de distanciamiento social y otras normas relacionadas con el coronavirus\nDepósito de seguridad\nAlojamiento con vigilancia","100% de reintegro cancelando antes de las 72hs\n50% de reintegro cancelando hasta 24hs antes",3,3,11);
INSERT INTO images (title, image, product_id) VALUES ("AlejandriaReal_01","https://bucket-dishital-2.s3.amazonaws.com/products/apartments/alejandria-real/1.jpeg",11);
INSERT INTO images (title, image, product_id) VALUES ("AlejandriaReal_02","https://bucket-dishital-2.s3.amazonaws.com/products/apartments/alejandria-real/2.jpeg",11);
INSERT INTO images (title, image, product_id) VALUES ("AlejandriaReal_03","https://bucket-dishital-2.s3.amazonaws.com/products/apartments/alejandria-real/3.jpeg",11);
INSERT INTO images (title, image, product_id) VALUES ("AlejandriaReal_04","https://bucket-dishital-2.s3.amazonaws.com/products/apartments/alejandria-real/4.jpeg",11);
INSERT INTO images (title, image, product_id) VALUES ("AlejandriaReal_05","https://bucket-dishital-2.s3.amazonaws.com/products/apartments/alejandria-real/5.jpeg",11);
INSERT INTO product_features (product_id, feature_id) VALUES (11,1);
INSERT INTO product_features (product_id, feature_id) VALUES (11,2);
INSERT INTO product_features (product_id, feature_id) VALUES (11,3);
INSERT INTO product_features (product_id, feature_id) VALUES (11,5);
INSERT INTO product_features (product_id, feature_id) VALUES (11,6);
INSERT INTO bookings (check_in_date, check_out_date, check_in_time, product_id, user_id) VALUES ("2021-12-13","2021-12-19","10:00:00",11,4);
INSERT INTO bookings (check_in_date, check_out_date, check_in_time, product_id, user_id) VALUES ("2021-12-24","2021-12-26","11:00:00",11,5);
INSERT INTO bookings (check_in_date, check_out_date, check_in_time, product_id, user_id) VALUES ("2021-12-27","2022-01-09","12:00:00",11,6);
INSERT INTO bookings (check_in_date, check_out_date, check_in_time, product_id, user_id) VALUES ("2022-01-20","2022-01-25","13:00:00",11,7);
INSERT INTO bookings (check_in_date, check_out_date, check_in_time, product_id, user_id) VALUES ("2022-02-12","2022-02-17","14:00:00",11,2);
INSERT INTO ratings (rating, product_id, user_id) VALUES (7,11,4);
INSERT INTO ratings (rating, product_id, user_id) VALUES (8,11,5);
INSERT INTO ratings (rating, product_id, user_id) VALUES (8,11,6);
INSERT INTO ratings (rating, product_id, user_id) VALUES (7,11,7);
INSERT INTO ratings (rating, product_id, user_id) VALUES (7,11,2);

INSERT INTO addresses (id, address, latitude, longitude) VALUES (12,"Cl. 13a #103105","3.3666999142875866","-76.53658808798265");
INSERT INTO products (id, name, description, house_rules, health_and_security, cancel_policy, city_id, category_id, id_address) VALUES (12,"Babilla Suites","El Babilla Suites cuenta con sauna y baño turco y se encuentra en Cali, a 5 km de la plaza de toros de Cañaveralejo. Este bed and breakfast también ofrece pileta al aire libre, vistas al jardín, bar, estacionamiento privado gratuito y WiFi gratuita en todas las instalaciones.\nLas habitaciones están equipadas con TV de pantalla plana y baño privado.\nHay una recepción 24 horas.\nEste bed and breakfast ofrece servicio de alquiler de bicicletas y se encuentra a 7 km del Parque Panamericano y a 9 km de la catedral de San Pedro. El aeropuerto internacional Alfonso Bonilla Aragón es el más cercano y queda a 25 km.","Check-out: 16:00\nNo fumar","Se aplican las pautas de distanciamiento social y otras normas relacionadas con el coronavirus\nNo incluye ropa blanca","Devolución de la comisión hasta 72hs antes",3,4,12);
INSERT INTO images (title, image, product_id) VALUES ("Babilla_01","https://bucket-dishital-2.s3.amazonaws.com/products/bnb/babilla-suites/1.jpeg",12);
INSERT INTO images (title, image, product_id) VALUES ("Babilla_02","https://bucket-dishital-2.s3.amazonaws.com/products/bnb/babilla-suites/2.jpeg",12);
INSERT INTO images (title, image, product_id) VALUES ("Babilla_03","https://bucket-dishital-2.s3.amazonaws.com/products/bnb/babilla-suites/3.jpeg",12);
INSERT INTO images (title, image, product_id) VALUES ("Babilla_04","https://bucket-dishital-2.s3.amazonaws.com/products/bnb/babilla-suites/4.jpeg",12);
INSERT INTO images (title, image, product_id) VALUES ("Babilla_05","https://bucket-dishital-2.s3.amazonaws.com/products/bnb/babilla-suites/5.jpeg",12);
INSERT INTO product_features (product_id, feature_id) VALUES (12,1);
INSERT INTO product_features (product_id, feature_id) VALUES (12,2);
INSERT INTO product_features (product_id, feature_id) VALUES (12,3);
INSERT INTO product_features (product_id, feature_id) VALUES (12,5);
INSERT INTO product_features (product_id, feature_id) VALUES (12,6);
INSERT INTO bookings (check_in_date, check_out_date, check_in_time, product_id, user_id) VALUES ("2021-12-13","2021-12-19","10:00:00",12,3);
INSERT INTO bookings (check_in_date, check_out_date, check_in_time, product_id, user_id) VALUES ("2021-12-24","2021-12-26","11:00:00",12,4);
INSERT INTO bookings (check_in_date, check_out_date, check_in_time, product_id, user_id) VALUES ("2021-12-27","2022-01-09","12:00:00",12,5);
INSERT INTO bookings (check_in_date, check_out_date, check_in_time, product_id, user_id) VALUES ("2022-01-20","2022-01-25","13:00:00",12,6);
INSERT INTO bookings (check_in_date, check_out_date, check_in_time, product_id, user_id) VALUES ("2022-02-12","2022-02-17","14:00:00",12,7);
INSERT INTO ratings (rating, product_id, user_id) VALUES (7,12,3);
INSERT INTO ratings (rating, product_id, user_id) VALUES (10,12,4);
INSERT INTO ratings (rating, product_id, user_id) VALUES (9,12,5);
INSERT INTO ratings (rating, product_id, user_id) VALUES (7,12,6);
INSERT INTO ratings (rating, product_id, user_id) VALUES (8,12,7);

INSERT INTO addresses (id, address, latitude, longitude) VALUES (13,"Cra. 45 ## 56-53","10.98897389870566","-74.79359071670112");
INSERT INTO products (id, name, description, house_rules, health_and_security, cancel_policy, city_id, category_id, id_address) VALUES (13,"Hotel Catedral Inn","El Hotel Catedral Inn se encuentra en Barranquilla, a 2,3 km del centro comercial Continental y a 2,8 km del centro comercial Miami, y ofrece salón compartido y terraza. El alojamiento se encuentra a 6 km del centro comercial Gran Boulevard y del centro comercial Blue Gardens y a 600 metros del teatro Amira de la Rosa. Ofrece recepción 24 horas, servicio de link con el aeropuerto, room service y wifi gratis.\nTodas las habitaciones incluyen armario, TV de pantalla plana, baño privado, ropa de cama y toallas. Todas las habitaciones del Hotel Catedral Inn cuentan con zona de estar.\nTodas las mañanas se sirve un desayuno americano y a la carta.\nEl Hotel Catedral Inn también cuenta con centro de negocios y diarios y revistas.","Check-out: 10:00\nNo se permiten fiestas\nNo fumar","Se aplican las pautas de distanciamiento social y otras normas relacionadas con el coronavirus\nDetector de humo\nDepósito de seguridad","25% de reintegro cancelando antes de las 72hs\n10% de reintegro cancelando hasta 24hs antes",4,1,13);
INSERT INTO images (title, image, product_id) VALUES ("CatedralInn_01","https://bucket-dishital-2.s3.amazonaws.com/products/hotels/hotel-catedral-inn/1.jpeg",13);
INSERT INTO images (title, image, product_id) VALUES ("CatedralInn_02","https://bucket-dishital-2.s3.amazonaws.com/products/hotels/hotel-catedral-inn/2.jpeg",13);
INSERT INTO images (title, image, product_id) VALUES ("CatedralInn_03","https://bucket-dishital-2.s3.amazonaws.com/products/hotels/hotel-catedral-inn/3.jpeg",13);
INSERT INTO images (title, image, product_id) VALUES ("CatedralInn_04","https://bucket-dishital-2.s3.amazonaws.com/products/hotels/hotel-catedral-inn/4.jpeg",13);
INSERT INTO images (title, image, product_id) VALUES ("CatedralInn_05","https://bucket-dishital-2.s3.amazonaws.com/products/hotels/hotel-catedral-inn/5.jpeg",13);
INSERT INTO product_features (product_id, feature_id) VALUES (13,1);
INSERT INTO product_features (product_id, feature_id) VALUES (13,2);
INSERT INTO product_features (product_id, feature_id) VALUES (13,3);
INSERT INTO product_features (product_id, feature_id) VALUES (13,5);
INSERT INTO product_features (product_id, feature_id) VALUES (13,6);
INSERT INTO bookings (check_in_date, check_out_date, check_in_time, product_id, user_id) VALUES ("2021-12-13","2021-12-19","10:00:00",13,2);
INSERT INTO bookings (check_in_date, check_out_date, check_in_time, product_id, user_id) VALUES ("2021-12-24","2021-12-26","11:00:00",13,3);
INSERT INTO bookings (check_in_date, check_out_date, check_in_time, product_id, user_id) VALUES ("2021-12-27","2022-01-09","12:00:00",13,4);
INSERT INTO bookings (check_in_date, check_out_date, check_in_time, product_id, user_id) VALUES ("2022-01-20","2022-01-25","13:00:00",13,5);
INSERT INTO bookings (check_in_date, check_out_date, check_in_time, product_id, user_id) VALUES ("2022-02-18","2022-03-01","14:00:00",13,6);
INSERT INTO ratings (rating, product_id, user_id) VALUES (9,13,2);
INSERT INTO ratings (rating, product_id, user_id) VALUES (9,13,3);
INSERT INTO ratings (rating, product_id, user_id) VALUES (7,13,4);
INSERT INTO ratings (rating, product_id, user_id) VALUES (7,13,5);
INSERT INTO ratings (rating, product_id, user_id) VALUES (9,13,6);

INSERT INTO addresses (id, address, latitude, longitude) VALUES (14,"Cl. 71 #39-195","10.988539566912094","-74.80807890137717");
INSERT INTO products (id, name, description, house_rules, health_and_security, cancel_policy, city_id, category_id, id_address) VALUES (14,"La Quinta Bacana","La Quinta Bacana se encuentra en Barranquilla, a 5 km del centro comercial Continental, y ofrece servicio de conserjería, habitaciones para no fumadores, salón compartido, WiFi gratuita en todas las instalaciones y jardín. Ofrece habitaciones familiares y terraza. El alojamiento dispone de recepción 24 horas, cocina compartida y servicio de cambio de divisa.\nEl establecimiento está cerca de lugares de interés populares, como la iglesia de la Inmaculada Concepción, el Museo Romántico de Barranquilla y la catedral metropolitana de María Reina. El aeropuerto más cercano es el aeropuerto internacional Ernesto Cortissoz, ubicado a 12 km de La Quinta Bacana.","Check-out: 15:00\nNo se permiten fiestas","Se aplican las pautas de distanciamiento social y otras normas relacionadas con el coronavirus\nDepósito de seguridad","25% de reintegro cancelando antes de las 72hs",4,2,14);
INSERT INTO images (title, image, product_id) VALUES ("LaQuintaBacana_01","https://bucket-dishital-2.s3.amazonaws.com/products/hostels/la-quinta-bacana/1.jpeg",14);
INSERT INTO images (title, image, product_id) VALUES ("LaQuintaBacana_02","https://bucket-dishital-2.s3.amazonaws.com/products/hostels/la-quinta-bacana/2.jpeg",14);
INSERT INTO images (title, image, product_id) VALUES ("LaQuintaBacana_03","https://bucket-dishital-2.s3.amazonaws.com/products/hostels/la-quinta-bacana/3.jpeg",14);
INSERT INTO images (title, image, product_id) VALUES ("LaQuintaBacana_04","https://bucket-dishital-2.s3.amazonaws.com/products/hostels/la-quinta-bacana/4.jpeg",14);
INSERT INTO images (title, image, product_id) VALUES ("LaQuintaBacana_05","https://bucket-dishital-2.s3.amazonaws.com/products/hostels/la-quinta-bacana/5.jpeg",14);
INSERT INTO product_features (product_id, feature_id) VALUES (14,1);
INSERT INTO product_features (product_id, feature_id) VALUES (14,2);
INSERT INTO product_features (product_id, feature_id) VALUES (14,3);
INSERT INTO product_features (product_id, feature_id) VALUES (14,5);
INSERT INTO product_features (product_id, feature_id) VALUES (14,6);
INSERT INTO bookings (check_in_date, check_out_date, check_in_time, product_id, user_id) VALUES ("2021-12-13","2021-12-19","10:00:00",14,7);
INSERT INTO bookings (check_in_date, check_out_date, check_in_time, product_id, user_id) VALUES ("2021-12-24","2021-12-26","11:00:00",14,2);
INSERT INTO bookings (check_in_date, check_out_date, check_in_time, product_id, user_id) VALUES ("2021-12-27","2022-01-09","12:00:00",14,3);
INSERT INTO bookings (check_in_date, check_out_date, check_in_time, product_id, user_id) VALUES ("2022-01-20","2022-01-25","13:00:00",14,4);
INSERT INTO bookings (check_in_date, check_out_date, check_in_time, product_id, user_id) VALUES ("2022-02-12","2022-02-17","14:00:00",14,5);
INSERT INTO ratings (rating, product_id, user_id) VALUES (7,14,7);
INSERT INTO ratings (rating, product_id, user_id) VALUES (8,14,2);
INSERT INTO ratings (rating, product_id, user_id) VALUES (8,14,3);
INSERT INTO ratings (rating, product_id, user_id) VALUES (9,14,4);
INSERT INTO ratings (rating, product_id, user_id) VALUES (8,14,5);

INSERT INTO addresses (id, address, latitude, longitude) VALUES (15,"Calle 110, Carrera 49e #104 #","11.014372678727863","-74.83877697251222");
INSERT INTO products (id, name, description, house_rules, health_and_security, cancel_policy, city_id, category_id, id_address) VALUES (15,"Palmagua","El Palmagua dispone de pileta al aire libre y está situado en Barranquilla, a 400 metros del centro comercial Gran Boulevard. El centro comercial Blue Gardens queda a 900 metros. Hay WiFi gratuita y estacionamiento privado gratuito.\nTodos los alojamientos tienen aire acondicionado, TV de pantalla plana, cocina con fogones y toallas.\nEl Palmagua se encuentra a 8 km del centro comercial Continental y el centro comercial Miami y a 16 km del aeropuerto Ernesto Cortissoz, el más cercano.","Check-out: 10:00\nAlojamiento familiar","Se aplican las pautas de distanciamiento social y otras normas relacionadas con el coronavirus\nDepósito de seguridad\nAlojamiento con vigilancia","100% de reintegro cancelando antes de las 72hs\n50% de reintegro cancelando hasta 24hs antes",4,3,15);
INSERT INTO images (title, image, product_id) VALUES ("Palmagua_01","https://bucket-dishital-2.s3.amazonaws.com/products/apartments/palmagua/1.jpeg",15);
INSERT INTO images (title, image, product_id) VALUES ("Palmagua_02","https://bucket-dishital-2.s3.amazonaws.com/products/apartments/palmagua/2.jpeg",15);
INSERT INTO images (title, image, product_id) VALUES ("Palmagua_03","https://bucket-dishital-2.s3.amazonaws.com/products/apartments/palmagua/3.jpeg",15);
INSERT INTO images (title, image, product_id) VALUES ("Palmagua_04","https://bucket-dishital-2.s3.amazonaws.com/products/apartments/palmagua/4.jpeg",15);
INSERT INTO images (title, image, product_id) VALUES ("Palmagua_05","https://bucket-dishital-2.s3.amazonaws.com/products/apartments/palmagua/5.jpeg",15);
INSERT INTO product_features (product_id, feature_id) VALUES (15,1);
INSERT INTO product_features (product_id, feature_id) VALUES (15,2);
INSERT INTO product_features (product_id, feature_id) VALUES (15,3);
INSERT INTO product_features (product_id, feature_id) VALUES (15,5);
INSERT INTO product_features (product_id, feature_id) VALUES (15,6);
INSERT INTO bookings (check_in_date, check_out_date, check_in_time, product_id, user_id) VALUES ("2021-12-13","2021-12-19","10:00:00",15,6);
INSERT INTO bookings (check_in_date, check_out_date, check_in_time, product_id, user_id) VALUES ("2021-12-24","2021-12-26","11:00:00",15,7);
INSERT INTO bookings (check_in_date, check_out_date, check_in_time, product_id, user_id) VALUES ("2021-12-27","2022-01-09","12:00:00",15,2);
INSERT INTO bookings (check_in_date, check_out_date, check_in_time, product_id, user_id) VALUES ("2022-01-20","2022-01-25","13:00:00",15,3);
INSERT INTO bookings (check_in_date, check_out_date, check_in_time, product_id, user_id) VALUES ("2022-02-12","2022-02-17","14:00:00",15,4);
INSERT INTO ratings (rating, product_id, user_id) VALUES (10,15,6);
INSERT INTO ratings (rating, product_id, user_id) VALUES (9,15,7);
INSERT INTO ratings (rating, product_id, user_id) VALUES (8,15,2);
INSERT INTO ratings (rating, product_id, user_id) VALUES (8,15,3);
INSERT INTO ratings (rating, product_id, user_id) VALUES (8,15,4);

INSERT INTO addresses (id, address, latitude, longitude) VALUES (16,"Carrera 52c Calle 90 #59","11.011020512687352","-74.82080047252622");
INSERT INTO products (id, name, description, house_rules, health_and_security, cancel_policy, city_id, category_id, id_address) VALUES (16,"Vestigium","El Vestigium Bed and Breakfast ofrece aire acondicionado y se encuentra en Barranquilla, a 1,4 km del centro comercial Blue Gardens y a 2,1 km del centro comercial Gran Boulevard. Este bed and breakfast se encuentra a 7 km del centro comercial Continental y a 8 km del centro comercial Miami.\nEste bed and breakfast está equipado con TV de pantalla plana. Se proporcionan toallas y ropa de cama.\nEl Vestigium Bed and Breakfast está cerca de varios lugares de interés, como el centro comercial VIVA, el centro comercial Buenavista y el consulado de la República Popular China. El aeropuerto internacional Ernesto Cortissoz es el más cercano y queda a 15 km.","Check-out: 16:00\nNo fumar","Se aplican las pautas de distanciamiento social y otras normas relacionadas con el coronavirus\nNo incluye ropa blanca","Devolución de la comisión hasta 72hs antes",4,4,16);
INSERT INTO images (title, image, product_id) VALUES ("Vestigium_01","https://bucket-dishital-2.s3.amazonaws.com/products/bnb/vestigium/1.jpeg",16);
INSERT INTO images (title, image, product_id) VALUES ("Vestigium_02","https://bucket-dishital-2.s3.amazonaws.com/products/bnb/vestigium/2.jpeg",16);
INSERT INTO images (title, image, product_id) VALUES ("Vestigium_03","https://bucket-dishital-2.s3.amazonaws.com/products/bnb/vestigium/3.jpeg",16);
INSERT INTO images (title, image, product_id) VALUES ("Vestigium_04","https://bucket-dishital-2.s3.amazonaws.com/products/bnb/vestigium/4.jpeg",16);
INSERT INTO images (title, image, product_id) VALUES ("Vestigium_05","https://bucket-dishital-2.s3.amazonaws.com/products/bnb/vestigium/5.jpeg",16);
INSERT INTO product_features (product_id, feature_id) VALUES (16,1);
INSERT INTO product_features (product_id, feature_id) VALUES (16,3);
INSERT INTO product_features (product_id, feature_id) VALUES (16,4);
INSERT INTO product_features (product_id, feature_id) VALUES (16,6);
INSERT INTO product_features (product_id, feature_id) VALUES (16,7);
INSERT INTO bookings (check_in_date, check_out_date, check_in_time, product_id, user_id) VALUES ("2021-12-13","2021-12-19","10:00:00",16,5);
INSERT INTO bookings (check_in_date, check_out_date, check_in_time, product_id, user_id) VALUES ("2021-12-24","2021-12-26","11:00:00",16,6);
INSERT INTO bookings (check_in_date, check_out_date, check_in_time, product_id, user_id) VALUES ("2021-12-27","2022-01-09","12:00:00",16,7);
INSERT INTO bookings (check_in_date, check_out_date, check_in_time, product_id, user_id) VALUES ("2022-01-20","2022-01-25","13:00:00",16,2);
INSERT INTO bookings (check_in_date, check_out_date, check_in_time, product_id, user_id) VALUES ("2022-02-12","2022-02-17","14:00:00",16,3);
INSERT INTO ratings (rating, product_id, user_id) VALUES (8,16,5);
INSERT INTO ratings (rating, product_id, user_id) VALUES (9,16,6);
INSERT INTO ratings (rating, product_id, user_id) VALUES (9,16,7);
INSERT INTO ratings (rating, product_id, user_id) VALUES (8,16,2);
INSERT INTO ratings (rating, product_id, user_id) VALUES (9,16,3);

INSERT INTO addresses (id, address, latitude, longitude) VALUES (17,"Azcuénaga 45","-34.609110404433544","-58.40004105834713");
INSERT INTO products (id, name, description, house_rules, health_and_security, cancel_policy, city_id, category_id, id_address) VALUES (17,"GrandView Hotel","El GrandView Hotel Buenos Aires está ubicado en Buenos Aires y cuenta con restaurante, centro de fitness, bar y jardín. Este hotel de 4 estrellas ofrece room service y servicio de conserjería. Hay wifi gratis. Se puede facilitar estacionamiento privado por un adicional.\nLos alojamientos disponen de aire acondicionado, TV de pantalla plana vía satélite, hervidor de agua, escritorio, vistas a la ciudad, baño privado con ducha, bidet, secador de pelo y artículos de aseo gratuitos y Las habitaciones tienen armario.","Check-out: 10:00\nNo se permiten fiestas\nNo fumar","Se aplican las pautas de distanciamiento social y otras normas relacionadas con el coronavirus\nDetector de humo\nDepósito de seguridad","25% de reintegro cancelando antes de las 72hs\n10% de reintegro cancelando hasta 24hs antes",5,1,17);
INSERT INTO images (title, image, product_id) VALUES ("GrandView_01","https://bucket-dishital-2.s3.amazonaws.com/products/hotels/grandview-hotel/1.jpeg",17);
INSERT INTO images (title, image, product_id) VALUES ("GrandView_02","https://bucket-dishital-2.s3.amazonaws.com/products/hotels/grandview-hotel/2.jpeg",17);
INSERT INTO images (title, image, product_id) VALUES ("GrandView_03","https://bucket-dishital-2.s3.amazonaws.com/products/hotels/grandview-hotel/3.jpeg",17);
INSERT INTO images (title, image, product_id) VALUES ("GrandView_04","https://bucket-dishital-2.s3.amazonaws.com/products/hotels/grandview-hotel/4.jpeg",17);
INSERT INTO images (title, image, product_id) VALUES ("GrandView_05","https://bucket-dishital-2.s3.amazonaws.com/products/hotels/grandview-hotel/5.jpeg",17);
INSERT INTO product_features (product_id, feature_id) VALUES (17,1);
INSERT INTO product_features (product_id, feature_id) VALUES (17,2);
INSERT INTO product_features (product_id, feature_id) VALUES (17,3);
INSERT INTO product_features (product_id, feature_id) VALUES (17,5);
INSERT INTO product_features (product_id, feature_id) VALUES (17,6);
INSERT INTO bookings (check_in_date, check_out_date, check_in_time, product_id, user_id) VALUES ("2021-12-13","2021-12-19","10:00:00",17,4);
INSERT INTO bookings (check_in_date, check_out_date, check_in_time, product_id, user_id) VALUES ("2021-12-24","2021-12-26","11:00:00",17,5);
INSERT INTO bookings (check_in_date, check_out_date, check_in_time, product_id, user_id) VALUES ("2021-12-27","2022-01-09","12:00:00",17,6);
INSERT INTO bookings (check_in_date, check_out_date, check_in_time, product_id, user_id) VALUES ("2022-01-20","2022-01-25","13:00:00",17,7);
INSERT INTO bookings (check_in_date, check_out_date, check_in_time, product_id, user_id) VALUES ("2022-02-12","2022-02-17","14:00:00",17,2);
INSERT INTO ratings (rating, product_id, user_id) VALUES (8,17,4);
INSERT INTO ratings (rating, product_id, user_id) VALUES (10,17,5);
INSERT INTO ratings (rating, product_id, user_id) VALUES (10,17,6);
INSERT INTO ratings (rating, product_id, user_id) VALUES (10,17,7);
INSERT INTO ratings (rating, product_id, user_id) VALUES (9,17,2);

INSERT INTO addresses (id, address, latitude, longitude) VALUES (18,"Lavalle 477","-34.60182409646426","-58.37352420070488");
INSERT INTO products (id, name, description, house_rules, health_and_security, cancel_policy, city_id, category_id, id_address) VALUES (18,"Che Juan Hostel","El Che Juan Hostel BA ofrece habitaciones con aire acondicionado y TV de pantalla plana por cable en el centro de Buenos Aires. También cuenta con recepción 24 horas, cocina compartida y WiFi gratuita en todas las instalaciones. El alojamiento cuenta con salón compartido, mostrador de información turística y servicio de venta de entradas.\nLos puntos de interés populares cerca del alojamiento incluyen la Basílica del Santísimo Sacramento, el Obelisco de Buenos Aires y el Teatro Colón. El aeropuerto más cercano es el aeropuerto Jorge Newbery, situado a 6 km del Che Juan Hostel BA.","Check-out: 15:00\nNo se permiten fiestas","Se aplican las pautas de distanciamiento social y otras normas relacionadas con el coronavirus\nDepósito de seguridad","25% de reintegro cancelando antes de las 72hs",5,2,18);
INSERT INTO images (title, image, product_id) VALUES ("CheJuan_01","https://bucket-dishital-2.s3.amazonaws.com/products/hostels/che-juan-hostel/1.jpeg",18);
INSERT INTO images (title, image, product_id) VALUES ("CheJuan_02","https://bucket-dishital-2.s3.amazonaws.com/products/hostels/che-juan-hostel/2.jpeg",18);
INSERT INTO images (title, image, product_id) VALUES ("CheJuan_03","https://bucket-dishital-2.s3.amazonaws.com/products/hostels/che-juan-hostel/3.jpeg",18);
INSERT INTO images (title, image, product_id) VALUES ("CheJuan_04","https://bucket-dishital-2.s3.amazonaws.com/products/hostels/che-juan-hostel/4.jpeg",18);
INSERT INTO images (title, image, product_id) VALUES ("CheJuan_05","https://bucket-dishital-2.s3.amazonaws.com/products/hostels/che-juan-hostel/5.jpeg",18);
INSERT INTO product_features (product_id, feature_id) VALUES (18,1);
INSERT INTO product_features (product_id, feature_id) VALUES (18,2);
INSERT INTO product_features (product_id, feature_id) VALUES (18,3);
INSERT INTO product_features (product_id, feature_id) VALUES (18,5);
INSERT INTO product_features (product_id, feature_id) VALUES (18,6);
INSERT INTO bookings (check_in_date, check_out_date, check_in_time, product_id, user_id) VALUES ("2021-12-13","2021-12-19","10:00:00",18,3);
INSERT INTO bookings (check_in_date, check_out_date, check_in_time, product_id, user_id) VALUES ("2021-12-24","2021-12-26","11:00:00",18,4);
INSERT INTO bookings (check_in_date, check_out_date, check_in_time, product_id, user_id) VALUES ("2021-12-27","2022-01-09","12:00:00",18,5);
INSERT INTO bookings (check_in_date, check_out_date, check_in_time, product_id, user_id) VALUES ("2022-01-20","2022-01-25","13:00:00",18,6);
INSERT INTO bookings (check_in_date, check_out_date, check_in_time, product_id, user_id) VALUES ("2022-02-18","2022-03-01","14:00:00",18,7);
INSERT INTO ratings (rating, product_id, user_id) VALUES (8,18,3);
INSERT INTO ratings (rating, product_id, user_id) VALUES (8,18,4);
INSERT INTO ratings (rating, product_id, user_id) VALUES (8,18,5);
INSERT INTO ratings (rating, product_id, user_id) VALUES (10,18,6);
INSERT INTO ratings (rating, product_id, user_id) VALUES (10,18,7);

INSERT INTO addresses (id, address, latitude, longitude) VALUES (19,"Bonpland 2287","-34.57860870863209","-58.43198761604639");
INSERT INTO products (id, name, description, house_rules, health_and_security, cancel_policy, city_id, category_id, id_address) VALUES (19,"Ara Homes","Se encuentra a 1,1 km de la plaza Serrano. El Ara Homes Buenos Aires ofrece terraza y alojamiento con patio y conexión WiFi gratuita.\nLos alojamientos disponen de aire acondicionado, sala de estar con TV de pantalla plana, cocina con nevera y horno, lavadora, caja fuerte y baño privado con secador de pelo y artículos de aseo gratuitos. Todos los alojamientos tienen zona de estar y de comedor.\nEntre los lugares de interés cercanos al aparthotel se incluyen Bosques de Palermo, los lagos de Palermo y el parque ecológico Buenos Aires. El aeropuerto más cercano es el aeropuerto Jorge Newbery, ubicado a 3 km del Ara Homes Buenos Aires. El establecimiento ofrece un servicio de enlace con el aeropuerto por un suplemento.","Check-out: 10:00\nAlojamiento familiar","Se aplican las pautas de distanciamiento social y otras normas relacionadas con el coronavirus\nDepósito de seguridad\nAlojamiento con vigilancia","100% de reintegro cancelando antes de las 72hs\n50% de reintegro cancelando hasta 24hs antes",5,3,19);
INSERT INTO images (title, image, product_id) VALUES ("AraHomes_01","https://bucket-dishital-2.s3.amazonaws.com/products/apartments/ara-homes/1.jpeg",19);
INSERT INTO images (title, image, product_id) VALUES ("AraHomes_02","https://bucket-dishital-2.s3.amazonaws.com/products/apartments/ara-homes/2.jpeg",19);
INSERT INTO images (title, image, product_id) VALUES ("AraHomes_03","https://bucket-dishital-2.s3.amazonaws.com/products/apartments/ara-homes/3.jpeg",19);
INSERT INTO images (title, image, product_id) VALUES ("AraHomes_04","https://bucket-dishital-2.s3.amazonaws.com/products/apartments/ara-homes/4.jpeg",19);
INSERT INTO images (title, image, product_id) VALUES ("AraHomes_05","https://bucket-dishital-2.s3.amazonaws.com/products/apartments/ara-homes/5.jpeg",19);
INSERT INTO product_features (product_id, feature_id) VALUES (19,1);
INSERT INTO product_features (product_id, feature_id) VALUES (19,2);
INSERT INTO product_features (product_id, feature_id) VALUES (19,3);
INSERT INTO product_features (product_id, feature_id) VALUES (19,5);
INSERT INTO product_features (product_id, feature_id) VALUES (19,6);
INSERT INTO bookings (check_in_date, check_out_date, check_in_time, product_id, user_id) VALUES ("2021-12-13","2021-12-19","10:00:00",19,2);
INSERT INTO bookings (check_in_date, check_out_date, check_in_time, product_id, user_id) VALUES ("2021-12-24","2021-12-26","11:00:00",19,3);
INSERT INTO bookings (check_in_date, check_out_date, check_in_time, product_id, user_id) VALUES ("2021-12-27","2022-01-09","12:00:00",19,4);
INSERT INTO bookings (check_in_date, check_out_date, check_in_time, product_id, user_id) VALUES ("2022-01-20","2022-01-25","13:00:00",19,5);
INSERT INTO bookings (check_in_date, check_out_date, check_in_time, product_id, user_id) VALUES ("2022-02-12","2022-02-17","14:00:00",19,6);
INSERT INTO ratings (rating, product_id, user_id) VALUES (8,19,2);
INSERT INTO ratings (rating, product_id, user_id) VALUES (10,19,3);
INSERT INTO ratings (rating, product_id, user_id) VALUES (7,19,4);
INSERT INTO ratings (rating, product_id, user_id) VALUES (9,19,5);
INSERT INTO ratings (rating, product_id, user_id) VALUES (9,19,6);

INSERT INTO addresses (id, address, latitude, longitude) VALUES (20,"Agüero 781","-34.6006398873155","-58.41086988908645");
INSERT INTO products (id, name, description, house_rules, health_and_security, cancel_policy, city_id, category_id, id_address) VALUES (20,"ChillHouse","El ChillHouse ofrece alojamiento en Buenos Aires, a 300 metros de la avenida Corrientes. Hay WiFi gratuita en todas las instalaciones.\nEl establecimiento cuenta con mesa de ping pong.\nEl cementerio de la Recoleta y la plaza Serrano están a 2 km del ChillHouse. El aeroparque Jorge Newbery, el aeropuerto más cercano, está a 5 km.","Check-out: 16:00\nNo fumar","Se aplican las pautas de distanciamiento social y otras normas relacionadas con el coronavirus\nNo incluye ropa blanca","Devolución de la comisión hasta 72hs antes",5,4,20);
INSERT INTO images (title, image, product_id) VALUES ("Chillhouse_01","https://bucket-dishital-2.s3.amazonaws.com/products/bnb/chillhouse/1.jpeg",20);
INSERT INTO images (title, image, product_id) VALUES ("Chillhouse_02","https://bucket-dishital-2.s3.amazonaws.com/products/bnb/chillhouse/2.jpeg",20);
INSERT INTO images (title, image, product_id) VALUES ("Chillhouse_03","https://bucket-dishital-2.s3.amazonaws.com/products/bnb/chillhouse/3.jpeg",20);
INSERT INTO images (title, image, product_id) VALUES ("Chillhouse_04","https://bucket-dishital-2.s3.amazonaws.com/products/bnb/chillhouse/4.jpeg",20);
INSERT INTO images (title, image, product_id) VALUES ("Chillhouse_05","https://bucket-dishital-2.s3.amazonaws.com/products/bnb/chillhouse/5.jpeg",20);
INSERT INTO product_features (product_id, feature_id) VALUES (20,1);
INSERT INTO product_features (product_id, feature_id) VALUES (20,2);
INSERT INTO product_features (product_id, feature_id) VALUES (20,3);
INSERT INTO product_features (product_id, feature_id) VALUES (20,5);
INSERT INTO product_features (product_id, feature_id) VALUES (20,6);
INSERT INTO bookings (check_in_date, check_out_date, check_in_time, product_id, user_id) VALUES ("2021-12-13","2021-12-19","10:00:00",20,7);
INSERT INTO bookings (check_in_date, check_out_date, check_in_time, product_id, user_id) VALUES ("2021-12-24","2021-12-26","11:00:00",20,2);
INSERT INTO bookings (check_in_date, check_out_date, check_in_time, product_id, user_id) VALUES ("2021-12-27","2022-01-09","12:00:00",20,3);
INSERT INTO bookings (check_in_date, check_out_date, check_in_time, product_id, user_id) VALUES ("2022-01-20","2022-01-25","13:00:00",20,4);
INSERT INTO bookings (check_in_date, check_out_date, check_in_time, product_id, user_id) VALUES ("2022-02-12","2022-02-17","14:00:00",20,5);
INSERT INTO ratings (rating, product_id, user_id) VALUES (10,20,7);
INSERT INTO ratings (rating, product_id, user_id) VALUES (9,20,2);
INSERT INTO ratings (rating, product_id, user_id) VALUES (7,20,3);
INSERT INTO ratings (rating, product_id, user_id) VALUES (10,20,4);
INSERT INTO ratings (rating, product_id, user_id) VALUES (10,20,5);

INSERT INTO addresses (id, address, latitude, longitude) VALUES (21,"Arturo M. Bas 2470","-31.440335547250186","-64.20274310079998");
INSERT INTO products (id, name, description, house_rules, health_and_security, cancel_policy, city_id, category_id, id_address) VALUES (21,"Ciudad Prado Hotel","El Ciudad Prado Hotel ofrece bar, salón compartido, jardín y wifi gratis, y se encuentra en Córdoba, a 3,3 km de la plaza de España y a 3,5 km de la Manzana Jesuítica. El alojamiento está a 3,7 km del centro comercial Patio Olmos, a 4,2 km de la catedral de Córdoba y a 5 km del centro cívico de Córdoba.\nHay recepción 24 horas, room service y servicio de cambio de divisa. Las habitaciones del hotel disponen de aire acondicionado, escritorio, patio con vistas al jardín, baño privado, TV de pantalla plana, ropa de cama y toallas. Todas las habitaciones incluyen caja fuerte.\nEl alojamiento está a 10 km del centro comercial Córdoba y a 14 km del estadio de fútbol Mario Alberto Kempes. El aeropuerto más cercano es el internacional Ingeniero Aeronáutico Ambrosio L. V. Taravella, ubicado a 14 km del Ciudad Prado Hotel. Se proporciona servicio de link con el aeropuerto por un adicional.","Check-out: 10:00\nNo se permiten fiestas\nNo fumar","Se aplican las pautas de distanciamiento social y otras normas relacionadas con el coronavirus\nDetector de humo\nDepósito de seguridad","25% de reintegro cancelando antes de las 72hs\n10% de reintegro cancelando hasta 24hs antes",6,1,21);
INSERT INTO images (title, image, product_id) VALUES ("CiudadPrado_01","https://cf.bstatic.com/xdata/images/hotel/max1024x768/324339588.jpg?k=327fa4debd02db027fd6552e03046762e190c7d97b9b571030b7ad90618287ef&o=&hp=1",21);
INSERT INTO images (title, image, product_id) VALUES ("CiudadPrado_02","https://cf.bstatic.com/xdata/images/hotel/max1024x768/226491172.jpg?k=a05a61b780fd5dfd7ecef56994a7eed4ec657f43b542565a4c7ca0321ede6710&o=&hp=1",21);
INSERT INTO images (title, image, product_id) VALUES ("CiudadPrado_03","https://cf.bstatic.com/xdata/images/hotel/max1024x768/230259885.jpg?k=15fd2ca3e86cb3d6830eaf9f488a34e9ff39b50bb650f4fee9882338d243a8d7&o=&hp=1",21);
INSERT INTO images (title, image, product_id) VALUES ("CiudadPrado_04","https://cf.bstatic.com/xdata/images/hotel/max1024x768/137409620.jpg?k=7ffec5219a5254a3805d5c86b3fd67c74ca54733cb149587b012614a5d5e2e9a&o=&hp=1",21);
INSERT INTO images (title, image, product_id) VALUES ("CiudadPrado_05","https://cf.bstatic.com/xdata/images/hotel/max1024x768/137405450.jpg?k=2745c5f0c463af304ee025936ef88298777e0e4884f8beccdcc16f796afe3fa4&o=&hp=1",21);
INSERT INTO product_features (product_id, feature_id) VALUES (21,1);
INSERT INTO product_features (product_id, feature_id) VALUES (21,2);
INSERT INTO product_features (product_id, feature_id) VALUES (21,3);
INSERT INTO product_features (product_id, feature_id) VALUES (21,5);
INSERT INTO product_features (product_id, feature_id) VALUES (21,6);
INSERT INTO bookings (check_in_date, check_out_date, check_in_time, product_id, user_id) VALUES ("2021-12-13","2021-12-19","10:00:00",21,6);
INSERT INTO bookings (check_in_date, check_out_date, check_in_time, product_id, user_id) VALUES ("2021-12-24","2021-12-26","11:00:00",21,7);
INSERT INTO bookings (check_in_date, check_out_date, check_in_time, product_id, user_id) VALUES ("2021-12-27","2022-01-09","12:00:00",21,2);
INSERT INTO bookings (check_in_date, check_out_date, check_in_time, product_id, user_id) VALUES ("2022-01-20","2022-01-25","13:00:00",21,3);
INSERT INTO bookings (check_in_date, check_out_date, check_in_time, product_id, user_id) VALUES ("2022-02-12","2022-02-17","14:00:00",21,4);
INSERT INTO ratings (rating, product_id, user_id) VALUES (7,21,6);
INSERT INTO ratings (rating, product_id, user_id) VALUES (8,21,7);
INSERT INTO ratings (rating, product_id, user_id) VALUES (10,21,2);
INSERT INTO ratings (rating, product_id, user_id) VALUES (9,21,3);
INSERT INTO ratings (rating, product_id, user_id) VALUES (9,21,4);

INSERT INTO addresses (id, address, latitude, longitude) VALUES (22,"Sta Rosa 447","-31.410750193895996","-64.18915593336006");
INSERT INTO products (id, name, description, house_rules, health_and_security, cancel_policy, city_id, category_id, id_address) VALUES (22,"Aldea Hostel","El Aldea Hostel está situado en el centro de Córdoba y presenta una decoración colorida. Ofrece una cocina totalmente equipada, una sala común con TV y DVD, conexión de wifi gratis y una gran terraza con zona de parrilla. Las habitaciones del Aldea Hostel tienen baño privado y las habitaciones compartidas disponen de baño compartido. Hay consigna de equipaje grande y lockers individuales. El Aldea Hostel alberga un patio con bar y está decorado con numerosas pinturas de artistas de todo el mundo. La recepción, abierta las 24 horas, es bilingüe y proporciona información turística. Está a 8 calles de la plaza San Martín, a 150 metros de La Cañada y a 400 metros del río Suquía. El aeropuerto de Pajas Blancas se encuentra a 20 minutos en auto. Los mejores asadores de Córdoba están a 1 calle.","Check-out: 15:00\nNo se permiten fiestas","Se aplican las pautas de distanciamiento social y otras normas relacionadas con el coronavirus\nDepósito de seguridad","25% de reintegro cancelando antes de las 72hs",6,2,22);
INSERT INTO images (title, image, product_id) VALUES ("Aldea_01","https://cf.bstatic.com/xdata/images/hotel/max1024x768/283982812.jpg?k=0590b15fedf0c341cdb49f545cedbd4c12abba707dd689a0e0a1c72251aec537&o=&hp=1",22);
INSERT INTO images (title, image, product_id) VALUES ("Aldea_02","https://cf.bstatic.com/xdata/images/hotel/max1024x768/283979562.jpg?k=b6a11196dd94406eca15e7ae65d7d6ca5d99347669ac3211bcbc92f1dd253351&o=&hp=1",22);
INSERT INTO images (title, image, product_id) VALUES ("Aldea_03","https://cf.bstatic.com/xdata/images/hotel/max1024x768/283982928.jpg?k=71619d68190fbabc1cd69418e47dc5c078fbd306115c31ea40002717ac199078&o=&hp=1",22);
INSERT INTO images (title, image, product_id) VALUES ("Aldea_04","https://cf.bstatic.com/xdata/images/hotel/max1024x768/283979568.jpg?k=636e835b3dd58d4c37afeff0955f80e092a3625281b25605421d2c2d1ba2c998&o=&hp=1",22);
INSERT INTO images (title, image, product_id) VALUES ("Aldea_05","https://cf.bstatic.com/xdata/images/hotel/max1024x768/283978401.jpg?k=55996b4fb050c105f3f0dda3db2b90d742169eb34612e4a09b20617329161d87&o=&hp=1",22);
INSERT INTO product_features (product_id, feature_id) VALUES (22,1);
INSERT INTO product_features (product_id, feature_id) VALUES (22,2);
INSERT INTO product_features (product_id, feature_id) VALUES (22,3);
INSERT INTO product_features (product_id, feature_id) VALUES (22,5);
INSERT INTO product_features (product_id, feature_id) VALUES (22,6);
INSERT INTO bookings (check_in_date, check_out_date, check_in_time, product_id, user_id) VALUES ("2021-12-13","2021-12-19","10:00:00",22,5);
INSERT INTO bookings (check_in_date, check_out_date, check_in_time, product_id, user_id) VALUES ("2021-12-24","2021-12-26","11:00:00",22,6);
INSERT INTO bookings (check_in_date, check_out_date, check_in_time, product_id, user_id) VALUES ("2021-12-27","2022-01-09","12:00:00",22,7);
INSERT INTO bookings (check_in_date, check_out_date, check_in_time, product_id, user_id) VALUES ("2022-01-20","2022-01-25","13:00:00",22,2);
INSERT INTO bookings (check_in_date, check_out_date, check_in_time, product_id, user_id) VALUES ("2022-02-12","2022-02-17","14:00:00",22,3);
INSERT INTO ratings (rating, product_id, user_id) VALUES (9,22,5);
INSERT INTO ratings (rating, product_id, user_id) VALUES (9,22,6);
INSERT INTO ratings (rating, product_id, user_id) VALUES (9,22,7);
INSERT INTO ratings (rating, product_id, user_id) VALUES (7,22,2);
INSERT INTO ratings (rating, product_id, user_id) VALUES (9,22,3);

INSERT INTO addresses (id, address, latitude, longitude) VALUES (23,"Edmundo Mariotte 6720","-31.35243826118685","-64.26025146033781");
INSERT INTO products (id, name, description, house_rules, health_and_security, cancel_policy, city_id, category_id, id_address) VALUES (23,"Casa Nuestra","La Casa Nuestra, situada en Córdoba, en la provincia de Córdoba, ofrece alojamiento con wifi gratis y estacionamiento privado gratuito. Todos los días se sirve un desayuno continental en el aparthotel. El alojamiento alberga un jardín. El estadio de fútbol Mario Alberto Kempes se encuentra a 3,5 km del Casa Nuestra, mientras que el centro comercial Córdoba está a 7 km. El aeropuerto internacional Ingeniero Aeronáutico Ambrosio L.V. Taravella, el aeropuerto más cercano, está a 6 km.","Check-out: 10:00\nAlojamiento familiar","Se aplican las pautas de distanciamiento social y otras normas relacionadas con el coronavirus\nDepósito de seguridad\nAlojamiento con vigilancia","100% de reintegro cancelando antes de las 72hs\n50% de reintegro cancelando hasta 24hs antes",6,3,23);
INSERT INTO images (title, image, product_id) VALUES ("CasaNuestra_01","https://cf.bstatic.com/xdata/images/hotel/max1024x768/178592951.jpg?k=4e144316ca7e3241a96044e49b80c771ef0e555e59567b8659a9d0e31ce5c1b1&o=&hp=1",23);
INSERT INTO images (title, image, product_id) VALUES ("CasaNuestra_02","https://cf.bstatic.com/xdata/images/hotel/max1024x768/178592968.jpg?k=2ab30f3e6799d5cbe601f027968cb0d24e406883fab5cd77b327ac3f342d0ecb&o=&hp=1",23);
INSERT INTO images (title, image, product_id) VALUES ("CasaNuestra_03","https://cf.bstatic.com/xdata/images/hotel/max1024x768/178592973.jpg?k=e1c644fa289e34459c186eab1bde7321d9f9d35f14265f7cb94f752e0be66694&o=&hp=1",23);
INSERT INTO images (title, image, product_id) VALUES ("CasaNuestra_04","https://cf.bstatic.com/xdata/images/hotel/max1024x768/178592969.jpg?k=3946289adfec23d6646f37872488f2d037db4f2d15967aad874c4ea1a0a63752&o=&hp=1",23);
INSERT INTO images (title, image, product_id) VALUES ("CasaNuestra_05","https://cf.bstatic.com/xdata/images/hotel/max1024x768/178592986.jpg?k=8ad3996d5742850383b7c170c65bdf8f63e1bb761f3123f506bdcacb45088332&o=&hp=1",23);
INSERT INTO product_features (product_id, feature_id) VALUES (23,1);
INSERT INTO product_features (product_id, feature_id) VALUES (23,2);
INSERT INTO product_features (product_id, feature_id) VALUES (23,3);
INSERT INTO product_features (product_id, feature_id) VALUES (23,5);
INSERT INTO product_features (product_id, feature_id) VALUES (23,6);
INSERT INTO bookings (check_in_date, check_out_date, check_in_time, product_id, user_id) VALUES ("2021-12-13","2021-12-19","10:00:00",23,4);
INSERT INTO bookings (check_in_date, check_out_date, check_in_time, product_id, user_id) VALUES ("2021-12-24","2021-12-26","11:00:00",23,5);
INSERT INTO bookings (check_in_date, check_out_date, check_in_time, product_id, user_id) VALUES ("2021-12-27","2022-01-09","12:00:00",23,6);
INSERT INTO bookings (check_in_date, check_out_date, check_in_time, product_id, user_id) VALUES ("2022-01-20","2022-01-25","13:00:00",23,7);
INSERT INTO bookings (check_in_date, check_out_date, check_in_time, product_id, user_id) VALUES ("2022-02-12","2022-02-17","14:00:00",23,2);
INSERT INTO ratings (rating, product_id, user_id) VALUES (9,23,4);
INSERT INTO ratings (rating, product_id, user_id) VALUES (8,23,5);
INSERT INTO ratings (rating, product_id, user_id) VALUES (9,23,6);
INSERT INTO ratings (rating, product_id, user_id) VALUES (7,23,7);
INSERT INTO ratings (rating, product_id, user_id) VALUES (9,23,2);

INSERT INTO addresses (id, address, latitude, longitude) VALUES (24,"Tucumán 440","-31.409594474795583","-64.18580162966079");
INSERT INTO products (id, name, description, house_rules, health_and_security, cancel_policy, city_id, category_id, id_address) VALUES (24,"Córdoba B&B","El Córdoba B&B se encuentra a 5 minutos en coche de la estación de autobuses y ofrece conexión Wi-Fi gratuita y un desayuno de autoservicio diario con cruasanes, café y mate.\nLas habitaciones del Córdoba B&B Hotel son tranquilas y disponen de baño privado y aire acondicionado. El Córdoba B&B ofrece consigna de equipaje gratuita y servicio de lavandería por un suplemento.\nEl Córdoba B&B está a 25 minutos en coche del aeropuerto Ingeniero Taravella. Hay aparcamiento privado gratuito.\nInforma a Córdoba B&B Bed and Breakfast Hotel con antelación de tu hora prevista de llegada.\nEn respuesta al coronavirus (COVID-19), el alojamiento aplica medidas sanitarias y de seguridad adicionales en estos momentos. Los servicios de comida y bebida de este alojamiento pueden verse limitados o no estar disponibles a causa del coronavirus (COVID-19).","Check-out: 16:00\nNo fumar","Se aplican las pautas de distanciamiento social y otras normas relacionadas con el coronavirus\nNo incluye ropa blanca","Devolución de la comisión hasta 72hs antes",6,4,24);
INSERT INTO images (title, image, product_id) VALUES ("CordobaByB_01","https://cf.bstatic.com/xdata/images/hotel/max1024x768/16967096.jpg?k=73a1e955c452c86e925df08281db253c23f1cee6de1641aaaf057dc6fb8a00eb&o=&hp=1",24);
INSERT INTO images (title, image, product_id) VALUES ("CordobaByB_02","https://exp.cdn-hotels.com/hotels/38000000/37850000/37846200/37846195/30a1427e_z.jpg?impolicy=fcrop&w=1000&h=666&q=medium",24);
INSERT INTO images (title, image, product_id) VALUES ("CordobaByB_03","https://exp.cdn-hotels.com/hotels/38000000/37850000/37846200/37846195/a5c3ce63_z.jpg?impolicy=fcrop&w=1000&h=666&q=medium",24);
INSERT INTO images (title, image, product_id) VALUES ("CordobaByB_04","https://exp.cdn-hotels.com/hotels/38000000/37850000/37846200/37846195/893024df_z.jpg?impolicy=fcrop&w=1000&h=666&q=medium",24);
INSERT INTO images (title, image, product_id) VALUES ("CordobaByB_05","https://cf.bstatic.com/xdata/images/hotel/max1024x768/237464904.jpg?k=98852f8f0df779c8345aac6d86a4b9bc550c30921e66420ee4079440885e41a9&o=&hp=1",24);
INSERT INTO product_features (product_id, feature_id) VALUES (24,1);
INSERT INTO product_features (product_id, feature_id) VALUES (24,3);
INSERT INTO product_features (product_id, feature_id) VALUES (24,4);
INSERT INTO product_features (product_id, feature_id) VALUES (24,6);
INSERT INTO product_features (product_id, feature_id) VALUES (24,7);
INSERT INTO bookings (check_in_date, check_out_date, check_in_time, product_id, user_id) VALUES ("2021-12-13","2021-12-19","10:00:00",24,3);
INSERT INTO bookings (check_in_date, check_out_date, check_in_time, product_id, user_id) VALUES ("2021-12-24","2021-12-26","11:00:00",24,4);
INSERT INTO bookings (check_in_date, check_out_date, check_in_time, product_id, user_id) VALUES ("2021-12-27","2022-01-09","12:00:00",24,5);
INSERT INTO bookings (check_in_date, check_out_date, check_in_time, product_id, user_id) VALUES ("2022-01-20","2022-01-25","13:00:00",24,6);
INSERT INTO bookings (check_in_date, check_out_date, check_in_time, product_id, user_id) VALUES ("2022-02-12","2022-02-17","14:00:00",24,7);
INSERT INTO ratings (rating, product_id, user_id) VALUES (9,24,3);
INSERT INTO ratings (rating, product_id, user_id) VALUES (10,24,4);
INSERT INTO ratings (rating, product_id, user_id) VALUES (8,24,5);
INSERT INTO ratings (rating, product_id, user_id) VALUES (8,24,6);
INSERT INTO ratings (rating, product_id, user_id) VALUES (8,24,7);

INSERT INTO addresses (id, address, latitude, longitude) VALUES (25,"Córdoba 2554","-32.94255837074014","-60.657836060259434");
INSERT INTO products (id, name, description, house_rules, health_and_security, cancel_policy, city_id, category_id, id_address) VALUES (25,"Hotel Ariston","El Ariston ofrece habitaciones elegantes con wifi gratis y pileta en la azotea abierta durante el verano y se encuentra a solo 700 metros de la terminal de autobuses de la ciudad de Rosario. Alberga estacionamiento privado por un adicional y hay un gimnasio en las inmediaciones.\nLas habitaciones del Ariston Hotel están equipadas con aire acondicionado y TV por cable.\nEl alojamiento sirve un desayuno a diario y una cena completa en el restaurante. Hay room service.\nEl centro de la ciudad y el bulevar junto al río están a 800 metros del hotel.\nEl Ariston ofrece consigna de equipaje y recepción 24 horas.","Check-out: 10:00\nNo se permiten fiestas\nNo fumar","Se aplican las pautas de distanciamiento social y otras normas relacionadas con el coronavirus\nDetector de humo\nDepósito de seguridad","25% de reintegro cancelando antes de las 72hs\n10% de reintegro cancelando hasta 24hs antes",7,1,25);
INSERT INTO images (title, image, product_id) VALUES ("Ariston_01","https://cf.bstatic.com/xdata/images/hotel/max1024x768/10481627.jpg?k=ce8f02e9b13b1aab6d0a238f4fb364e097e6a4078e5f91a814aa90512a727987&o=&hp=1",25);
INSERT INTO images (title, image, product_id) VALUES ("Ariston_02","https://cf.bstatic.com/xdata/images/hotel/max1024x768/85903420.jpg?k=4052bfc4a33965e25da4432a7cf5f7525f6c987f4b64496f62c7176d03e096a8&o=&hp=1",25);
INSERT INTO images (title, image, product_id) VALUES ("Ariston_03","https://cf.bstatic.com/xdata/images/hotel/max1024x768/10481619.jpg?k=3a9219518b0f4820bd801130e9a573e2c622124696f9f90bbbbc69bff2ec55dc&o=&hp=1",25);
INSERT INTO images (title, image, product_id) VALUES ("Ariston_04","https://cf.bstatic.com/xdata/images/hotel/max1024x768/10481628.jpg?k=863720de4a885bc24d554033b27e4cbaec7fe7a4d994a270c6a9af41d007a2a9&o=&hp=1",25);
INSERT INTO images (title, image, product_id) VALUES ("Ariston_05","https://cf.bstatic.com/xdata/images/hotel/max1024x768/56728590.jpg?k=15c125191ab51a7685ffb6b42c5d36f75b5bd69465e2bf5b3f60eb1ae8d34569&o=&hp=1",25);
INSERT INTO product_features (product_id, feature_id) VALUES (25,1);
INSERT INTO product_features (product_id, feature_id) VALUES (25,2);
INSERT INTO product_features (product_id, feature_id) VALUES (25,3);
INSERT INTO product_features (product_id, feature_id) VALUES (25,5);
INSERT INTO product_features (product_id, feature_id) VALUES (25,6);
INSERT INTO bookings (check_in_date, check_out_date, check_in_time, product_id, user_id) VALUES ("2021-12-13","2021-12-19","10:00:00",25,2);
INSERT INTO bookings (check_in_date, check_out_date, check_in_time, product_id, user_id) VALUES ("2021-12-24","2021-12-26","11:00:00",25,3);
INSERT INTO bookings (check_in_date, check_out_date, check_in_time, product_id, user_id) VALUES ("2021-12-27","2022-01-09","12:00:00",25,4);
INSERT INTO bookings (check_in_date, check_out_date, check_in_time, product_id, user_id) VALUES ("2022-01-20","2022-01-25","13:00:00",25,5);
INSERT INTO bookings (check_in_date, check_out_date, check_in_time, product_id, user_id) VALUES ("2022-02-12","2022-02-17","14:00:00",25,6);
INSERT INTO ratings (rating, product_id, user_id) VALUES (8,25,2);
INSERT INTO ratings (rating, product_id, user_id) VALUES (7,25,3);
INSERT INTO ratings (rating, product_id, user_id) VALUES (7,25,4);
INSERT INTO ratings (rating, product_id, user_id) VALUES (7,25,5);
INSERT INTO ratings (rating, product_id, user_id) VALUES (9,25,6);

INSERT INTO addresses (id, address, latitude, longitude) VALUES (26,"CRJ, Entre Ríos 583 1A","-32.94333991016456","-60.64031050263217");
INSERT INTO products (id, name, description, house_rules, health_and_security, cancel_policy, city_id, category_id, id_address) VALUES (26,"High Hostel","El Aldea Hostel está situado en el centro de Córdoba y presenta una decoración colorida. Ofrece una cocina totalmente equipada, una sala común con TV y DVD, conexión de wifi gratis y una gran terraza con zona de parrilla. Las habitaciones del Aldea Hostel tienen baño privado y las habitaciones compartidas disponen de baño compartido. Hay consigna de equipaje grande y lockers individuales. El Aldea Hostel alberga un patio con bar y está decorado con numerosas pinturas de artistas de todo el mundo. La recepción, abierta las 24 horas, es bilingüe y proporciona información turística. Está a 8 calles de la plaza San Martín, a 150 metros de La Cañada y a 400 metros del río Suquía. El aeropuerto de Pajas Blancas se encuentra a 20 minutos en auto. Los mejores asadores de Córdoba están a 1 calle.","Check-out: 15:00\nNo se permiten fiestas","Se aplican las pautas de distanciamiento social y otras normas relacionadas con el coronavirus\nDepósito de seguridad","25% de reintegro cancelando antes de las 72hs",7,2,26);
INSERT INTO images (title, image, product_id) VALUES ("High_01","https://cf.bstatic.com/xdata/images/hotel/max1024x768/189020272.jpg?k=139239bfb1e9476c02ea5ed0670249a47d21c3c1c234da5e81b9e94085a780d6&o=&hp=1",26);
INSERT INTO images (title, image, product_id) VALUES ("High_02","https://cf.bstatic.com/xdata/images/hotel/max1024x768/171512326.jpg?k=45168e0b0dcbb25ddad6ecc2bb7511d2cc6b8bbd0582e279b1866b67468750a3&o=&hp=1",26);
INSERT INTO images (title, image, product_id) VALUES ("High_03","https://cf.bstatic.com/xdata/images/hotel/max1024x768/195236358.jpg?k=fed442322c42352b8479320cb4ddfdc31a7aff46af50ff6ec4328ec7ed4ac521&o=&hp=1",26);
INSERT INTO images (title, image, product_id) VALUES ("High_04","https://cf.bstatic.com/xdata/images/hotel/max1024x768/195236364.jpg?k=2e0bcc9bab6b0fa74c47ae84831fda3c520a376b71a5d681645ed99f7bee88e7&o=&hp=1",26);
INSERT INTO images (title, image, product_id) VALUES ("High_05","https://cf.bstatic.com/xdata/images/hotel/max1024x768/195236394.jpg?k=e69cb256c4aaa93ae1fec88a5994e47967de9c23569c921bd1fabfa38114c889&o=&hp=1",26);
INSERT INTO product_features (product_id, feature_id) VALUES (26,1);
INSERT INTO product_features (product_id, feature_id) VALUES (26,2);
INSERT INTO product_features (product_id, feature_id) VALUES (26,3);
INSERT INTO product_features (product_id, feature_id) VALUES (26,5);
INSERT INTO product_features (product_id, feature_id) VALUES (26,6);
INSERT INTO bookings (check_in_date, check_out_date, check_in_time, product_id, user_id) VALUES ("2021-12-13","2021-12-19","10:00:00",26,7);
INSERT INTO bookings (check_in_date, check_out_date, check_in_time, product_id, user_id) VALUES ("2021-12-24","2021-12-26","11:00:00",26,2);
INSERT INTO bookings (check_in_date, check_out_date, check_in_time, product_id, user_id) VALUES ("2021-12-27","2022-01-09","12:00:00",26,3);
INSERT INTO bookings (check_in_date, check_out_date, check_in_time, product_id, user_id) VALUES ("2022-01-20","2022-01-25","13:00:00",26,4);
INSERT INTO bookings (check_in_date, check_out_date, check_in_time, product_id, user_id) VALUES ("2022-02-12","2022-02-17","14:00:00",26,5);
INSERT INTO ratings (rating, product_id, user_id) VALUES (7,26,7);
INSERT INTO ratings (rating, product_id, user_id) VALUES (10,26,2);
INSERT INTO ratings (rating, product_id, user_id) VALUES (8,26,3);
INSERT INTO ratings (rating, product_id, user_id) VALUES (9,26,4);
INSERT INTO ratings (rating, product_id, user_id) VALUES (10,26,5);

INSERT INTO addresses (id, address, latitude, longitude) VALUES (27,"Vera Mujica 371","-32.93609476955436","-60.665580475394");
INSERT INTO products (id, name, description, house_rules, health_and_security, cancel_policy, city_id, category_id, id_address) VALUES (27,"Vera Mujica","El Vera Mujica está situado en Rosario, a solo 800 metros del centro de convenciones Patio de la Madera, y ofrece wifi gratis y estacionamiento privado gratuito. El alojamiento se encuentra a 2,7 km de la ruta modernista y a 2,8 km del parque de la Independencia.\nLos puntos de interés populares cerca del departamento incluyen el centro de convenciones Metropolitano, la Facultad de Ciencias Médicas y la Facultad de Odontología. El aeropuerto más cercano es el aeropuerto internacional de Rosario-Islas Malvinas, situado a 11 km del departamento Vera Mujica.","Check-out: 10:00\nAlojamiento familiar","Se aplican las pautas de distanciamiento social y otras normas relacionadas con el coronavirus\nDepósito de seguridad\nAlojamiento con vigilancia","100% de reintegro cancelando antes de las 72hs\n50% de reintegro cancelando hasta 24hs antes",7,3,27);
INSERT INTO images (title, image, product_id) VALUES ("VeraMujica_01","https://cf.bstatic.com/xdata/images/hotel/max1024x768/227929852.jpg?k=616354d137cdf3f0d2e963d13300d1af643f5efaff0965a92ec03ee3db63b82f&o=&hp=1",27);
INSERT INTO images (title, image, product_id) VALUES ("VeraMujica_02","https://cf.bstatic.com/xdata/images/hotel/max1024x768/227933656.jpg?k=464570d2607b3307a40dfa93f965e380b1bf7699520febb68e88c645f372536c&o=&hp=1",27);
INSERT INTO images (title, image, product_id) VALUES ("VeraMujica_03","https://cf.bstatic.com/xdata/images/hotel/max1024x768/227933757.jpg?k=8b76f2d626527c29ce0302d1ef20ef436c2e31b99fd5d91daa40bac0fc42c2b4&o=&hp=1",27);
INSERT INTO images (title, image, product_id) VALUES ("VeraMujica_04","https://cf.bstatic.com/xdata/images/hotel/max1024x768/227933815.jpg?k=a3a25919d24783aa63dc095dd66fe097cd4876e84388745b5a2e1f01cde4e944&o=&hp=1",27);
INSERT INTO images (title, image, product_id) VALUES ("VeraMujica_05","https://cf.bstatic.com/xdata/images/hotel/max1024x768/227933834.jpg?k=622b5f429e9e07a3d3018ca00b3635e6a88ed1b9898824dc0684112cf3756253&o=&hp=1",27);
INSERT INTO product_features (product_id, feature_id) VALUES (27,1);
INSERT INTO product_features (product_id, feature_id) VALUES (27,2);
INSERT INTO product_features (product_id, feature_id) VALUES (27,3);
INSERT INTO product_features (product_id, feature_id) VALUES (27,5);
INSERT INTO product_features (product_id, feature_id) VALUES (27,6);
INSERT INTO bookings (check_in_date, check_out_date, check_in_time, product_id, user_id) VALUES ("2021-12-13","2021-12-19","10:00:00",27,6);
INSERT INTO bookings (check_in_date, check_out_date, check_in_time, product_id, user_id) VALUES ("2021-12-24","2021-12-26","11:00:00",27,7);
INSERT INTO bookings (check_in_date, check_out_date, check_in_time, product_id, user_id) VALUES ("2021-12-27","2022-01-09","12:00:00",27,2);
INSERT INTO bookings (check_in_date, check_out_date, check_in_time, product_id, user_id) VALUES ("2022-01-20","2022-01-25","13:00:00",27,3);
INSERT INTO bookings (check_in_date, check_out_date, check_in_time, product_id, user_id) VALUES ("2022-02-12","2022-02-17","14:00:00",27,4);
INSERT INTO ratings (rating, product_id, user_id) VALUES (9,27,6);
INSERT INTO ratings (rating, product_id, user_id) VALUES (7,27,7);
INSERT INTO ratings (rating, product_id, user_id) VALUES (9,27,2);
INSERT INTO ratings (rating, product_id, user_id) VALUES (7,27,3);
INSERT INTO ratings (rating, product_id, user_id) VALUES (9,27,4);

INSERT INTO addresses (id, address, latitude, longitude) VALUES (28,"Mendoza 4728","-32.94238510831141","-60.68911371794635");
INSERT INTO products (id, name, description, house_rules, health_and_security, cancel_policy, city_id, category_id, id_address) VALUES (28,"Chez Amancay","Esta villa tiene un patio soleado. Esta propiedad está justo al lado de la estación de tren Rosario Central. Los huéspedes están a 15 minutos a pie de Colectividades Park. El centro de Rosario se sitúa a 2 km.La villa se encuentra en las proximidades de Parque de la Independencia. Cada habitación cuenta con un baño compartido. Las instalaciones de una cocina también incluyen un horno de microondas y una nevera.El aeropuerto más cercano es Internacional Rosario Islas Malvinas a 15 km del alojamiento.","Check-out: 16:00\nNo fumar","Se aplican las pautas de distanciamiento social y otras normas relacionadas con el coronavirus\nNo incluye ropa blanca","Devolución de la comisión hasta 72hs antes",7,4,28);
INSERT INTO images (title, image, product_id) VALUES ("ChezAmancay_01","https://cf.bstatic.com/xdata/images/hotel/max1024x768/167793271.jpg?k=9bd071f03932f1b6c1e138fdf3dceea5bb6238f2ebb6c2a2fb6d9e33d8003280&o=&hp=1",28);
INSERT INTO images (title, image, product_id) VALUES ("ChezAmancay_02","https://cf.bstatic.com/xdata/images/hotel/max1024x768/167793265.jpg?k=9ed2b88e8ac85f31fe95da589e3276620894dbdaec9eff58c284f0ff196060b1&o=&hp=1",28);
INSERT INTO images (title, image, product_id) VALUES ("ChezAmancay_03","https://cf.bstatic.com/xdata/images/hotel/max1024x768/167793268.jpg?k=502f03f232e76f3e5b6361157356f82b973e82e042aaef42ec9c7f98676b83e3&o=&hp=1",28);
INSERT INTO images (title, image, product_id) VALUES ("ChezAmancay_04","https://cf.bstatic.com/xdata/images/hotel/max1024x768/167793278.jpg?k=b5f9fe6d2404c0a10ae0c0ccc9bd4987405c535abb39392925d54c6043faf101&o=&hp=1",28);
INSERT INTO images (title, image, product_id) VALUES ("ChezAmancay_05","https://cf.bstatic.com/xdata/images/hotel/max1024x768/167793273.jpg?k=a8e2105ca1e274a48bb62b82f61d9e4d81b319c71eb1759663eba06d6198a289&o=&hp=1",28);
INSERT INTO product_features (product_id, feature_id) VALUES (28,1);
INSERT INTO product_features (product_id, feature_id) VALUES (28,3);
INSERT INTO product_features (product_id, feature_id) VALUES (28,4);
INSERT INTO product_features (product_id, feature_id) VALUES (28,6);
INSERT INTO product_features (product_id, feature_id) VALUES (28,7);
INSERT INTO bookings (check_in_date, check_out_date, check_in_time, product_id, user_id) VALUES ("2021-12-13","2021-12-19","10:00:00",28,5);
INSERT INTO bookings (check_in_date, check_out_date, check_in_time, product_id, user_id) VALUES ("2021-12-24","2021-12-26","11:00:00",28,6);
INSERT INTO bookings (check_in_date, check_out_date, check_in_time, product_id, user_id) VALUES ("2021-12-27","2022-01-09","12:00:00",28,7);
INSERT INTO bookings (check_in_date, check_out_date, check_in_time, product_id, user_id) VALUES ("2022-01-20","2022-01-25","13:00:00",28,2);
INSERT INTO bookings (check_in_date, check_out_date, check_in_time, product_id, user_id) VALUES ("2022-02-12","2022-02-17","14:00:00",28,3);
INSERT INTO ratings (rating, product_id, user_id) VALUES (10,28,5);
INSERT INTO ratings (rating, product_id, user_id) VALUES (8,28,6);
INSERT INTO ratings (rating, product_id, user_id) VALUES (10,28,7);
INSERT INTO ratings (rating, product_id, user_id) VALUES (9,28,2);
INSERT INTO ratings (rating, product_id, user_id) VALUES (10,28,3);

INSERT INTO addresses (id, address, latitude, longitude) VALUES (29,"Hipólito Yrigoyen 1737","-37.99795755853872","-57.55023048896858");
INSERT INTO products (id, name, description, house_rules, health_and_security, cancel_policy, city_id, category_id, id_address) VALUES (29,"Hotel Nuevo Ostende","El Hotel Nuevo Ostende se encuentra a solo 500 metros de la playa de La Perla y ofrece habitaciones elegantes con wifi gratis. La plaza San Martín, que alberga la feria de artesanía del fin de semana, está a 50 metros.\nLas habitaciones del Hotel Nuevo Ostende presentan una decoración en tonos verde oliva y cuentan con suelo de parquet, TV por cable y baño privado.\nPor la mañana se sirve un desayuno completo con cruasanes y jugos recién exprimidos, que se puede disfrutar en el restaurante o en el patio central.\nEl Hotel Nuevo Ostende queda a 100 metros de la catedral de Mar del Plata.\nNuestros clientes dicen que esta parte de Mar del Plata es su favorita, según los comentarios independientes.","Check-out: 10:00\nNo se permiten fiestas\nNo fumar","Se aplican las pautas de distanciamiento social y otras normas relacionadas con el coronavirus\nDetector de humo\nDepósito de seguridad","25% de reintegro cancelando antes de las 72hs\n10% de reintegro cancelando hasta 24hs antes",8,1,29);
INSERT INTO images (title, image, product_id) VALUES ("NuevoOstende_01","https://cf.bstatic.com/xdata/images/hotel/max1024x768/276553234.jpg?k=913ccea922a1332f688bd0198a8909d981482e8f9b751c6baffd952a061530ac&o=&hp=1",29);
INSERT INTO images (title, image, product_id) VALUES ("NuevoOstende_02","https://cf.bstatic.com/xdata/images/hotel/max1024x768/317894996.jpg?k=0925379ff128951b7f210feb634d09a694c07af988b14a7eb2aa9bb6e6eb96ed&o=&hp=1",29);
INSERT INTO images (title, image, product_id) VALUES ("NuevoOstende_03","https://cf.bstatic.com/xdata/images/hotel/max1024x768/276554847.jpg?k=d28e8247afda16f4b2045392500262b5cd2ae169145074c00d106103ac0c2d0a&o=&hp=1",29);
INSERT INTO images (title, image, product_id) VALUES ("NuevoOstende_04","https://cf.bstatic.com/xdata/images/hotel/max1024x768/276553866.jpg?k=1579218909ce92ff1d98377d2c5856648bce868ccc017617cac99c0fe5e08f5b&o=&hp=1",29);
INSERT INTO images (title, image, product_id) VALUES ("NuevoOstende_05","https://cf.bstatic.com/xdata/images/hotel/max1024x768/276554839.jpg?k=bb4682274a7eb6325a09f7b4c3cabb8e5b91bbb08f72c43d7b620b3de39c04a4&o=&hp=1",29);
INSERT INTO product_features (product_id, feature_id) VALUES (29,1);
INSERT INTO product_features (product_id, feature_id) VALUES (29,2);
INSERT INTO product_features (product_id, feature_id) VALUES (29,3);
INSERT INTO product_features (product_id, feature_id) VALUES (29,5);
INSERT INTO product_features (product_id, feature_id) VALUES (29,6);
INSERT INTO bookings (check_in_date, check_out_date, check_in_time, product_id, user_id) VALUES ("2021-12-13","2021-12-19","10:00:00",29,4);
INSERT INTO bookings (check_in_date, check_out_date, check_in_time, product_id, user_id) VALUES ("2021-12-24","2021-12-26","11:00:00",29,5);
INSERT INTO bookings (check_in_date, check_out_date, check_in_time, product_id, user_id) VALUES ("2021-12-27","2022-01-09","12:00:00",29,6);
INSERT INTO bookings (check_in_date, check_out_date, check_in_time, product_id, user_id) VALUES ("2022-01-20","2022-01-25","13:00:00",29,7);
INSERT INTO bookings (check_in_date, check_out_date, check_in_time, product_id, user_id) VALUES ("2022-02-12","2022-02-17","14:00:00",29,2);
INSERT INTO ratings (rating, product_id, user_id) VALUES (8,29,4);
INSERT INTO ratings (rating, product_id, user_id) VALUES (9,29,5);
INSERT INTO ratings (rating, product_id, user_id) VALUES (7,29,6);
INSERT INTO ratings (rating, product_id, user_id) VALUES (7,29,7);
INSERT INTO ratings (rating, product_id, user_id) VALUES (7,29,2);

INSERT INTO addresses (id, address, latitude, longitude) VALUES (30,"Pasteur 2360","-37.95676709151861","-57.54079734665357");
INSERT INTO products (id, name, description, house_rules, health_and_security, cancel_policy, city_id, category_id, id_address) VALUES (30,"Carrusel Art Hostel","El Carrusel se encuentra a solo 100 metros de la playa, en Constitución, un tranquilo barrio de Mar del Plata, y ofrece habitaciones llenas de color con conexión wifi gratis. El alojamiento cuenta con terraza y cocina compartida, y se pueden reservar sesiones de masajes o clases de surf, por un adicional.\nLas habitaciones del Carrusel Art-Hostel disponen de baño privado o compartido. Además, hay escritorio y ropa de cama.\nEl Carrusel Art-Hostel dispone de una gran zona de parrilla con utensilios de cocina y una sala de cine. Hay una sala de juegos con mesa de ping pong, una mesa de pool, un metegol y dardos. También se ofrece un salón compartido.\nLa playa Sun Rider está a 150 metros, y el centro de la ciudad se encuentra a 10 minutos en colectivo o en auto.\nLa avenida Constitución está a 1 km del alojamiento, y la terminal de trenes y autobuses se encuentra a 2,5 km.","Check-out: 15:00\nNo se permiten fiestas","Se aplican las pautas de distanciamiento social y otras normas relacionadas con el coronavirus\nDepósito de seguridad","25% de reintegro cancelando antes de las 72hs",8,2,30);
INSERT INTO images (title, image, product_id) VALUES ("CarruselArt_01","https://cf.bstatic.com/xdata/images/hotel/max1024x768/269776901.jpg?k=c4a5311ef9bdb0c4f0ca4746cf3018a4aa282db0f325f46102c4011ae6a196e7&o=&hp=1",30);
INSERT INTO images (title, image, product_id) VALUES ("CarruselArt_02","https://cf.bstatic.com/xdata/images/hotel/max1024x768/124029375.jpg?k=7af66fc95004969703d7cd0545f1caea3f17d99898d12a441c191311db6b7a9c&o=&hp=1",30);
INSERT INTO images (title, image, product_id) VALUES ("CarruselArt_03","https://cf.bstatic.com/xdata/images/hotel/max1024x768/95577922.jpg?k=bc764cede2f486c3eca722983f4151601b9db76b8df650f9266b35ecac21fb35&o=&hp=1",30);
INSERT INTO images (title, image, product_id) VALUES ("CarruselArt_04","https://cf.bstatic.com/xdata/images/hotel/max1024x768/269780070.jpg?k=709744343efa3d23cd7ac8fbc61ed9c8c9672fef073ce0a3ae274e8881ad1bdb&o=&hp=1",30);
INSERT INTO images (title, image, product_id) VALUES ("CarruselArt_05","https://cf.bstatic.com/xdata/images/hotel/max1024x768/95578123.jpg?k=c163e149f9949c8a6f7fd03e2bf5c6ce85888c8104aa80e27b7fd8be73fd3a97&o=&hp=1",30);
INSERT INTO product_features (product_id, feature_id) VALUES (30,1);
INSERT INTO product_features (product_id, feature_id) VALUES (30,2);
INSERT INTO product_features (product_id, feature_id) VALUES (30,3);
INSERT INTO product_features (product_id, feature_id) VALUES (30,5);
INSERT INTO product_features (product_id, feature_id) VALUES (30,6);
INSERT INTO bookings (check_in_date, check_out_date, check_in_time, product_id, user_id) VALUES ("2021-12-13","2021-12-19","10:00:00",30,3);
INSERT INTO bookings (check_in_date, check_out_date, check_in_time, product_id, user_id) VALUES ("2021-12-24","2021-12-26","11:00:00",30,4);
INSERT INTO bookings (check_in_date, check_out_date, check_in_time, product_id, user_id) VALUES ("2021-12-27","2022-01-09","12:00:00",30,5);
INSERT INTO bookings (check_in_date, check_out_date, check_in_time, product_id, user_id) VALUES ("2022-01-20","2022-01-25","13:00:00",30,6);
INSERT INTO bookings (check_in_date, check_out_date, check_in_time, product_id, user_id) VALUES ("2022-02-12","2022-02-17","14:00:00",30,7);
INSERT INTO ratings (rating, product_id, user_id) VALUES (10,30,3);
INSERT INTO ratings (rating, product_id, user_id) VALUES (8,30,4);
INSERT INTO ratings (rating, product_id, user_id) VALUES (9,30,5);
INSERT INTO ratings (rating, product_id, user_id) VALUES (7,30,6);
INSERT INTO ratings (rating, product_id, user_id) VALUES (9,30,7);

INSERT INTO addresses (id, address, latitude, longitude) VALUES (31,"Strobel 3584","-37.979188331865956","-57.54462594480236");
INSERT INTO products (id, name, description, house_rules, health_and_security, cancel_policy, city_id, category_id, id_address) VALUES (31,"Frente al Mar","El Frente al mar se encuentra en Mar del Plata, a 2,3 km de la playa de Bristol, y ofrece vistas al mar, WiFi gratuita y aparcamiento privado gratuito. Todos los alojamientos son independientes y cuentan con suelo de baldosa, TV de pantalla plana, cocina equipada con nevera y baño privado con bidet. Hay horno, fogones y hervidor de agua. Todos los días se sirve un desayuno continental.\nEl Frente al mar alberga una terraza.\nEl casino central de Mar del Plata se encuentra a 2,7 km del alojamiento, mientras que el Torreón del Monje está a 3,4 km. El aeropuerto más cercano es el aeropuerto internacional Astor Piazzolla, ubicado a 6 km del Frente al mar.","Check-out: 10:00\nAlojamiento familiar","Se aplican las pautas de distanciamiento social y otras normas relacionadas con el coronavirus\nDepósito de seguridad\nAlojamiento con vigilancia","100% de reintegro cancelando antes de las 72hs\n50% de reintegro cancelando hasta 24hs antes",8,3,31);
INSERT INTO images (title, image, product_id) VALUES ("FrenteAlMar_01","https://cf.bstatic.com/xdata/images/hotel/max1024x768/309881372.jpg?k=9386697f93507aeba29d78f53f4aaa029e71ff09305be3ac97e094a135d466eb&o=&hp=1",31);
INSERT INTO images (title, image, product_id) VALUES ("FrenteAlMar_02","https://cf.bstatic.com/xdata/images/hotel/max1024x768/309881313.jpg?k=9d347aacad8e36cf7ecca45d145c213f7f7cb4280b89f0b93d70908053d13c0b&o=&hp=1",31);
INSERT INTO images (title, image, product_id) VALUES ("FrenteAlMar_03","https://cf.bstatic.com/xdata/images/hotel/max1024x768/309881234.jpg?k=6e1a88cd8c93ab66714d5358ff48e3fb46d52099cb3f417955610772e2198114&o=&hp=1",31);
INSERT INTO images (title, image, product_id) VALUES ("FrenteAlMar_04","https://cf.bstatic.com/xdata/images/hotel/max1024x768/305221046.jpg?k=18daadb6c0122f887a34955febabcdaf11aebae0672e19568d0442d9deadedc6&o=&hp=1",31);
INSERT INTO images (title, image, product_id) VALUES ("FrenteAlMar_05","https://cf.bstatic.com/xdata/images/hotel/max1024x768/305221061.jpg?k=f07c338682f344dfb81bce19efbeb892dd9c3da3b83f47e4e3d3a6c498743ef5&o=&hp=1",31);
INSERT INTO product_features (product_id, feature_id) VALUES (31,1);
INSERT INTO product_features (product_id, feature_id) VALUES (31,2);
INSERT INTO product_features (product_id, feature_id) VALUES (31,3);
INSERT INTO product_features (product_id, feature_id) VALUES (31,5);
INSERT INTO product_features (product_id, feature_id) VALUES (31,6);
INSERT INTO bookings (check_in_date, check_out_date, check_in_time, product_id, user_id) VALUES ("2021-12-13","2021-12-19","10:00:00",31,2);
INSERT INTO bookings (check_in_date, check_out_date, check_in_time, product_id, user_id) VALUES ("2021-12-24","2021-12-26","11:00:00",31,3);
INSERT INTO bookings (check_in_date, check_out_date, check_in_time, product_id, user_id) VALUES ("2021-12-27","2022-01-09","12:00:00",31,4);
INSERT INTO bookings (check_in_date, check_out_date, check_in_time, product_id, user_id) VALUES ("2022-01-20","2022-01-25","13:00:00",31,5);
INSERT INTO bookings (check_in_date, check_out_date, check_in_time, product_id, user_id) VALUES ("2022-02-12","2022-02-17","14:00:00",31,6);
INSERT INTO ratings (rating, product_id, user_id) VALUES (8,31,2);
INSERT INTO ratings (rating, product_id, user_id) VALUES (7,31,3);
INSERT INTO ratings (rating, product_id, user_id) VALUES (7,31,4);
INSERT INTO ratings (rating, product_id, user_id) VALUES (7,31,5);
INSERT INTO ratings (rating, product_id, user_id) VALUES (9,31,6);

INSERT INTO addresses (id, address, latitude, longitude) VALUES (32,"Gascón 604","-38.01592852789414","-57.53231254471623");
INSERT INTO products (id, name, description, house_rules, health_and_security, cancel_policy, city_id, category_id, id_address) VALUES (32,"Casa Camarón","La Casa Camaron se encuentra a 1,1 km de la playa Grande y ofrece alojamiento con salón compartido, jardín y room service. Hay estacionamiento privado y wifi gratis en todas las instalaciones.\nEste bed and breakfast cuenta con TV de pantalla plana y baño privado con secador de pelo, artículos de aseo gratuitos y bidet.\nLa Casa Camaron alberga un centro de negocios e instalaciones para reuniones y banquetes.\nEl alojamiento cuenta con parrilla y solárium.\nLa Casa Camaron está a 1,3 km de Playa Chica y a 2,1 km del casino central de Mar del Plata. El aeropuerto más cercano es el aeropuerto internacional Astor Piazzolla, a 10 km del bed and breakfast.\nNuestros clientes dicen que esta parte de Mar del Plata es su favorita, según los comentarios independientes.","Check-out: 16:00\nNo fumar","Se aplican las pautas de distanciamiento social y otras normas relacionadas con el coronavirus\nNo incluye ropa blanca","Devolución de la comisión hasta 72hs antes",8,4,32);
INSERT INTO images (title, image, product_id) VALUES ("CasaCamaron_01","https://cf.bstatic.com/xdata/images/hotel/max1024x768/277612374.jpg?k=ba3190563f3dc071eda7834b83457d7d2556d298b847575c62412132a471e15b&o=&hp=1",32);
INSERT INTO images (title, image, product_id) VALUES ("CasaCamaron_02","https://cf.bstatic.com/xdata/images/hotel/max1024x768/174717439.jpg?k=0712b20ef4aabfd7ed072fb57c560117e99930f646e6067512c64a085753649d&o=&hp=1",32);
INSERT INTO images (title, image, product_id) VALUES ("CasaCamaron_03","https://cf.bstatic.com/xdata/images/hotel/max1024x768/277612271.jpg?k=7f0217f9ff4fb89d510fdb6371a8f8236519812383a4b651d189b6ad561ce1b5&o=&hp=1",32);
INSERT INTO images (title, image, product_id) VALUES ("CasaCamaron_04","https://cf.bstatic.com/xdata/images/hotel/max1024x768/282488714.jpg?k=bf47398121414c0c8969e9c03ff695a3488747ac6b6668296da4ac07b9578fba&o=&hp=1",32);
INSERT INTO images (title, image, product_id) VALUES ("CasaCamaron_05","https://cf.bstatic.com/xdata/images/hotel/max1024x768/276190925.jpg?k=d0c2d8ed9c70138710adedaa83cc565339c2fdc5904245ff64ac4260ead9fd09&o=&hp=1",32);
INSERT INTO product_features (product_id, feature_id) VALUES (32,1);
INSERT INTO product_features (product_id, feature_id) VALUES (32,3);
INSERT INTO product_features (product_id, feature_id) VALUES (32,4);
INSERT INTO product_features (product_id, feature_id) VALUES (32,6);
INSERT INTO product_features (product_id, feature_id) VALUES (32,7);
INSERT INTO bookings (check_in_date, check_out_date, check_in_time, product_id, user_id) VALUES ("2021-12-13","2021-12-19","10:00:00",32,7);
INSERT INTO bookings (check_in_date, check_out_date, check_in_time, product_id, user_id) VALUES ("2021-12-24","2021-12-26","11:00:00",32,2);
INSERT INTO bookings (check_in_date, check_out_date, check_in_time, product_id, user_id) VALUES ("2021-12-27","2022-01-09","12:00:00",32,3);
INSERT INTO bookings (check_in_date, check_out_date, check_in_time, product_id, user_id) VALUES ("2022-01-20","2022-01-25","13:00:00",32,4);
INSERT INTO bookings (check_in_date, check_out_date, check_in_time, product_id, user_id) VALUES ("2022-02-12","2022-02-17","14:00:00",32,5);
INSERT INTO ratings (rating, product_id, user_id) VALUES (8,32,7);
INSERT INTO ratings (rating, product_id, user_id) VALUES (8,32,2);
INSERT INTO ratings (rating, product_id, user_id) VALUES (10,32,3);
INSERT INTO ratings (rating, product_id, user_id) VALUES (8,32,4);
INSERT INTO ratings (rating, product_id, user_id) VALUES (7,32,5);